/*
SQLyog Community Edition- MySQL GUI v6.03
Host - 5.6.15 : Database - strasa
*********************************************************************
Server version : 5.6.15
*/

/*!40101 SET NAMES utf8 */;

/*!40101 SET SQL_MODE=''*/;

USE `strasa`;

/*!40014 SET @OLD_FOREIGN_KEY_CHECKS=@@FOREIGN_KEY_CHECKS, FOREIGN_KEY_CHECKS=0 */;
/*!40101 SET @OLD_SQL_MODE=@@SQL_MODE, SQL_MODE='NO_AUTO_VALUE_ON_ZERO' */;

/*Table structure for table `germplasm` */

DROP TABLE IF EXISTS `germplasm`;

CREATE TABLE `germplasm` (
  `id` int(11) NOT NULL AUTO_INCREMENT,
  `gid` int(10) DEFAULT NULL,
  `germplasmname` varchar(50) DEFAULT NULL,
  `othername` varchar(50) DEFAULT NULL,
  `breeder` varchar(50) DEFAULT NULL,
  `germplasmtypeid` int(5) DEFAULT NULL,
  `irnumber` varchar(20) DEFAULT NULL,
  `ircross` varchar(20) DEFAULT NULL,
  `parentage` varchar(50) DEFAULT NULL,
  `femaleparent` varchar(50) DEFAULT NULL,
  `maleparent` varchar(50) DEFAULT NULL,
  `selectionhistory` varchar(50) DEFAULT NULL,
  `source` varchar(50) DEFAULT NULL,
  `remarks` varchar(200) DEFAULT NULL,
  `userid` int(50) DEFAULT NULL,
  PRIMARY KEY (`id`)
) ENGINE=InnoDB AUTO_INCREMENT=201 DEFAULT CHARSET=latin1;

/*Data for the table `germplasm` */

insert  into `germplasm`(`id`,`gid`,`germplasmname`,`othername`,`breeder`,`germplasmtypeid`,`irnumber`,`ircross`,`parentage`,`femaleparent`,`maleparent`,`selectionhistory`,`source`,`remarks`,`userid`) values (1,1564664,'Gen1','GenOtherName01','Breeder1',1,'GenIRNo1','GenIRCross1','GenParentage1','GenFemale1','GenMale1','GenSelection1','GenSource1',NULL,1),(2,1564665,'Gen2','GenOtherName02','Breeder2',1,'GenIRNo2','GenIRCross2','GenParentage2','GenFemale2','GenMale2','GenSelection2','GenSource2',NULL,1),(3,1564666,'Gen3','GenOtherName03','Breeder3',1,'GenIRNo3','GenIRCross3','GenParentage3','GenFemale3','GenMale3','GenSelection3','GenSource3',NULL,1),(4,1564667,'Gen4','GenOtherName04','Breeder4',1,'GenIRNo4','GenIRCross4','GenParentage4','GenFemale4','GenMale4','GenSelection4','GenSource4',NULL,1),(5,1564668,'Gen5','GenOtherName05','Breeder5',1,'GenIRNo5','GenIRCross5','GenParentage5','GenFemale5','GenMale5','GenSelection5','GenSource5',NULL,1),(6,1564669,'Gen6','GenOtherName06','Breeder6',1,'GenIRNo6','GenIRCross6','GenParentage6','GenFemale6','GenMale6','GenSelection6','GenSource6',NULL,1),(7,1564670,'Gen7','GenOtherName07','Breeder7',1,'GenIRNo7','GenIRCross7','GenParentage7','GenFemale7','GenMale7','GenSelection7','GenSource7',NULL,1),(8,1564671,'Gen8','GenOtherName08','Breeder8',1,'GenIRNo8','GenIRCross8','GenParentage8','GenFemale8','GenMale8','GenSelection8','GenSource8',NULL,1),(9,1564672,'Gen9','GenOtherName09','ye',1,'GenIRNo9','GenIRCross9','GenParentage9','GenFemale9','GenMale9','GenSelection9','GenSource9',NULL,1),(10,1564673,'Gen10','GenOtherName10','ye',1,'GenIRNo10','GenIRCross10','GenParentage10','GenFemale10','GenMale10','GenSelection10','GenSource10',NULL,1),(11,1564674,'Gen11','GenOtherName11','ye',1,'GenIRNo11','GenIRCross11','GenParentage11','GenFemale11','GenMale11','GenSelection11','GenSource11',NULL,1),(12,1564675,'Gen12','GenOtherName12','ye',1,'GenIRNo12','GenIRCross12','GenParentage12','GenFemale12','GenMale12','GenSelection12','GenSource12',NULL,1),(13,1564676,'Gen13','GenOtherName13','ye',1,'GenIRNo13','GenIRCross13','GenParentage13','GenFemale13','GenMale13','GenSelection13','GenSource13',NULL,1),(14,1564677,'Gen14','GenOtherName14','ye',1,'GenIRNo14','GenIRCross14','GenParentage14','GenFemale14','GenMale14','GenSelection14','GenSource14',NULL,1),(15,1564678,'Gen15','GenOtherName15','ye',1,'GenIRNo15','GenIRCross15','GenParentage15','GenFemale15','GenMale15','GenSelection15','GenSource15',NULL,1),(16,1564679,'Gen16','GenOtherName16','ye',1,'GenIRNo16','GenIRCross16','GenParentage16','GenFemale16','GenMale16','GenSelection16','GenSource16',NULL,1),(17,1564680,'Gen17','GenOtherName17','ye',2,'GenIRNo17','GenIRCross17','GenParentage17','GenFemale17','GenMale17','GenSelection17','GenSource17',NULL,1),(18,1564681,'Gen18','GenOtherName18','ye',2,'GenIRNo18','GenIRCross18','GenParentage18','GenFemale18','GenMale18','GenSelection18','GenSource18',NULL,1),(19,1564682,'Gen19','GenOtherName19','ye',2,'GenIRNo19','GenIRCross19','GenParentage19','GenFemale19','GenMale19','GenSelection19','GenSource19',NULL,1),(20,1564683,'Gen20','GenOtherName20','ye',2,'GenIRNo20','GenIRCross20','GenParentage20','GenFemale20','GenMale20','GenSelection20','GenSource20',NULL,1),(21,1564684,'Gen21','GenOtherName21','ye',2,'GenIRNo21','GenIRCross21','GenParentage21','GenFemale21','GenMale21','GenSelection21','GenSource21',NULL,1),(22,1564685,'Gen22','GenOtherName22','ye',2,'GenIRNo22','GenIRCross22','GenParentage22','GenFemale22','GenMale22','GenSelection22','GenSource22',NULL,1),(23,1564686,'Gen23','GenOtherName23','ye',2,'GenIRNo23','GenIRCross23','GenParentage23','GenFemale23','GenMale23','GenSelection23','GenSource23',NULL,1),(24,1564687,'Gen24','GenOtherName24','ye',2,'GenIRNo24','GenIRCross24','GenParentage24','GenFemale24','GenMale24','GenSelection24','GenSource24',NULL,1),(25,1564688,'Gen25','GenOtherName25','ye',2,'GenIRNo25','GenIRCross25','GenParentage25','GenFemale25','GenMale25','GenSelection25','GenSource25',NULL,1),(26,1564689,'Gen26','GenOtherName26','ye',3,'GenIRNo26','GenIRCross26','GenParentage26','GenFemale26','GenMale26','GenSelection26','GenSource26',NULL,1),(27,1564690,'Gen27','GenOtherName27','ye',3,'GenIRNo27','GenIRCross27','GenParentage27','GenFemale27','GenMale27','GenSelection27','GenSource27',NULL,1),(28,1564691,'Gen28','GenOtherName28','ye',3,'GenIRNo28','GenIRCross28','GenParentage28','GenFemale28','GenMale28','GenSelection28','GenSource28',NULL,1),(29,1564692,'Gen29','GenOtherName29','ye',3,'GenIRNo29','GenIRCross29','GenParentage29','GenFemale29','GenMale29','GenSelection29','GenSource29',NULL,1),(30,1564693,'Gen30','GenOtherName30','ye',3,'GenIRNo30','GenIRCross30','GenParentage30','GenFemale30','GenMale30','GenSelection30','GenSource30',NULL,1),(31,1564694,'Gen31','GenOtherName31','ye',3,'GenIRNo31','GenIRCross31','GenParentage31','GenFemale31','GenMale31','GenSelection31','GenSource31',NULL,1),(32,1564695,'Gen32','GenOtherName32','collarda',3,'GenIRNo32','GenIRCross32','GenParentage32','GenFemale32','GenMale32','GenSelection32','GenSource32',NULL,1),(33,1564696,'Gen33','GenOtherName33','collarda',3,'GenIRNo33','GenIRCross33','GenParentage33','GenFemale33','GenMale33','GenSelection33','GenSource33',NULL,1),(34,1564697,'Gen34','GenOtherName34','collarda',3,'GenIRNo34','GenIRCross34','GenParentage34','GenFemale34','GenMale34','GenSelection34','GenSource34',NULL,1),(35,1564698,'Gen35','GenOtherName35','collarda',3,'GenIRNo35','GenIRCross35','GenParentage35','GenFemale35','GenMale35','GenSelection35','GenSource35',NULL,1),(36,1564699,'Gen36','GenOtherName36','collarda',3,'GenIRNo36','GenIRCross36','GenParentage36','GenFemale36','GenMale36','GenSelection36','GenSource36',NULL,1),(37,1564700,'Gen37','GenOtherName37','collarda',3,'GenIRNo37','GenIRCross37','GenParentage37','GenFemale37','GenMale37','GenSelection37','GenSource37',NULL,1),(38,1564701,'Gen38','GenOtherName38','collarda',3,'GenIRNo38','GenIRCross38','GenParentage38','GenFemale38','GenMale38','GenSelection38','GenSource38',NULL,1),(39,1564702,'Gen39','GenOtherName39','collarda',3,'GenIRNo39','GenIRCross39','GenParentage39','GenFemale39','GenMale39','GenSelection39','GenSource39',NULL,1),(40,1564703,'Gen40','GenOtherName40','collarda',3,'GenIRNo40','GenIRCross40','GenParentage40','GenFemale40','GenMale40','GenSelection40','GenSource40',NULL,1),(41,1564704,'Gen41','GenOtherName41','collarda',4,'GenIRNo41','GenIRCross41','GenParentage41','GenFemale41','GenMale41','GenSelection41','GenSource41',NULL,1),(42,1564705,'Gen42','GenOtherName42','collarda',4,'GenIRNo42','GenIRCross42','GenParentage42','GenFemale42','GenMale42','GenSelection42','GenSource42',NULL,1),(43,1564706,'Gen43','GenOtherName43','collarda',4,'GenIRNo43','GenIRCross43','GenParentage43','GenFemale43','GenMale43','GenSelection43','GenSource43',NULL,1),(44,1564707,'Gen44','GenOtherName44','collarda',4,'GenIRNo44','GenIRCross44','GenParentage44','GenFemale44','GenMale44','GenSelection44','GenSource44',NULL,1),(45,1564708,'Gen45','GenOtherName45','collarda',4,'GenIRNo45','GenIRCross45','GenParentage45','GenFemale45','GenMale45','GenSelection45','GenSource45',NULL,1),(46,1564709,'Gen46','GenOtherName46','collarda',4,'GenIRNo46','GenIRCross46','GenParentage46','GenFemale46','GenMale46','GenSelection46','GenSource46',NULL,1),(47,1564710,'Gen47','GenOtherName47','collarda',4,'GenIRNo47','GenIRCross47','GenParentage47','GenFemale47','GenMale47','GenSelection47','GenSource47',NULL,1),(48,1564711,'Gen48','GenOtherName48','collarda',4,'GenIRNo48','GenIRCross48','GenParentage48','GenFemale48','GenMale48','GenSelection48','GenSource48',NULL,1),(49,1564712,'Gen49','GenOtherName49','collarda',4,'GenIRNo49','GenIRCross49','GenParentage49','GenFemale49','GenMale49','GenSelection49','GenSource49',NULL,1),(50,1564713,'Gen50','GenOtherName50','collarda',4,'GenIRNo50','GenIRCross50','GenParentage50','GenFemale50','GenMale50','GenSelection50','GenSource50',NULL,1),(51,1564714,'Gen51','GenOtherName51','collarda',4,'GenIRNo51','GenIRCross51','GenParentage51','GenFemale51','GenMale51','GenSelection51','GenSource51',NULL,1),(52,1564715,'Gen52','GenOtherName52','collarda',4,'GenIRNo52','GenIRCross52','GenParentage52','GenFemale52','GenMale52','GenSelection52','GenSource52',NULL,1),(53,1564716,'Gen53','GenOtherName53','collarda',4,'GenIRNo53','GenIRCross53','GenParentage53','GenFemale53','GenMale53','GenSelection53','GenSource53',NULL,1),(54,1564717,'Gen54','GenOtherName54','collarda',4,'GenIRNo54','GenIRCross54','GenParentage54','GenFemale54','GenMale54','GenSelection54','GenSource54',NULL,1),(55,1564718,'Gen55','GenOtherName55','collarda',4,'GenIRNo55','GenIRCross55','GenParentage55','GenFemale55','GenMale55','GenSelection55','GenSource55',NULL,1),(56,1564719,'Gen56','GenOtherName56','collarda',4,'GenIRNo56','GenIRCross56','GenParentage56','GenFemale56','GenMale56','GenSelection56','GenSource56',NULL,1),(57,1564720,'Gen57','GenOtherName57','collarda',1,'GenIRNo57','GenIRCross57','GenParentage57','GenFemale57','GenMale57','GenSelection57','GenSource57',NULL,1),(58,1564721,'Gen58','GenOtherName58','collarda',1,'GenIRNo58','GenIRCross58','GenParentage58','GenFemale58','GenMale58','GenSelection58','GenSource58',NULL,1),(59,1564722,'Gen59','GenOtherName59','collarda',1,'GenIRNo59','GenIRCross59','GenParentage59','GenFemale59','GenMale59','GenSelection59','GenSource59',NULL,1),(60,1564723,'Gen60','GenOtherName60','collarda',1,'GenIRNo60','GenIRCross60','GenParentage60','GenFemale60','GenMale60','GenSelection60','GenSource60',NULL,1),(61,1564724,'Gen61','GenOtherName61','collarda',1,'GenIRNo61','GenIRCross61','GenParentage61','GenFemale61','GenMale61','GenSelection61','GenSource61',NULL,1),(62,1564725,'Gen62','GenOtherName62','collarda',1,'GenIRNo62','GenIRCross62','GenParentage62','GenFemale62','GenMale62','GenSelection62','GenSource62',NULL,1),(63,1564726,'Gen63','GenOtherName63','collarda',1,'GenIRNo63','GenIRCross63','GenParentage63','GenFemale63','GenMale63','GenSelection63','GenSource63',NULL,1),(64,1564727,'Gen64','GenOtherName64','collarda',1,'GenIRNo64','GenIRCross64','GenParentage64','GenFemale64','GenMale64','GenSelection64','GenSource64',NULL,1),(65,1564728,'Gen65','GenOtherName65','collarda',1,'GenIRNo65','GenIRCross65','GenParentage65','GenFemale65','GenMale65','GenSelection65','GenSource65',NULL,1),(66,1564729,'Gen66','GenOtherName66','collarda',1,'GenIRNo66','GenIRCross66','GenParentage66','GenFemale66','GenMale66','GenSelection66','GenSource66',NULL,1),(67,1564730,'Gen67','GenOtherName67','collarda',1,'GenIRNo67','GenIRCross67','GenParentage67','GenFemale67','GenMale67','GenSelection67','GenSource67',NULL,1),(68,1564731,'Gen68','GenOtherName68','collarda',1,'GenIRNo68','GenIRCross68','GenParentage68','GenFemale68','GenMale68','GenSelection68','GenSource68',NULL,1),(69,1564732,'Gen69','GenOtherName69','collarda',1,'GenIRNo69','GenIRCross69','GenParentage69','GenFemale69','GenMale69','GenSelection69','GenSource69',NULL,1),(70,1564733,'Gen70','GenOtherName70','collarda',1,'GenIRNo70','GenIRCross70','GenParentage70','GenFemale70','GenMale70','GenSelection70','GenSource70',NULL,1),(71,1564734,'Gen71','GenOtherName71','collarda',1,'GenIRNo71','GenIRCross71','GenParentage71','GenFemale71','GenMale71','GenSelection71','GenSource71',NULL,1),(72,1564735,'Gen72','GenOtherName72','collarda',1,'GenIRNo72','GenIRCross72','GenParentage72','GenFemale72','GenMale72','GenSelection72','GenSource72',NULL,1),(73,1564736,'Gen73','GenOtherName73','collarda',1,'GenIRNo73','GenIRCross73','GenParentage73','GenFemale73','GenMale73','GenSelection73','GenSource73',NULL,1),(74,1564737,'Gen74','GenOtherName74','collarda',1,'GenIRNo74','GenIRCross74','GenParentage74','GenFemale74','GenMale74','GenSelection74','GenSource74',NULL,1),(75,1564738,'Gen75','GenOtherName75','collarda',1,'GenIRNo75','GenIRCross75','GenParentage75','GenFemale75','GenMale75','GenSelection75','GenSource75',NULL,1),(76,1564739,'Gen76','GenOtherName76','collarda',1,'GenIRNo76','GenIRCross76','GenParentage76','GenFemale76','GenMale76','GenSelection76','GenSource76',NULL,1),(77,1564740,'Gen77','GenOtherName77','collarda',1,'GenIRNo77','GenIRCross77','GenParentage77','GenFemale77','GenMale77','GenSelection77','GenSource77',NULL,1),(78,1564741,'Gen78','GenOtherName78','collarda',1,'GenIRNo78','GenIRCross78','GenParentage78','GenFemale78','GenMale78','GenSelection78','GenSource78',NULL,1),(79,1564742,'Gen79','GenOtherName79','collarda',1,'GenIRNo79','GenIRCross79','GenParentage79','GenFemale79','GenMale79','GenSelection79','GenSource79',NULL,1),(80,1564743,'Gen80','GenOtherName80','collarda',1,'GenIRNo80','GenIRCross80','GenParentage80','GenFemale80','GenMale80','GenSelection80','GenSource80',NULL,1),(81,1564744,'Gen81','GenOtherName81','collarda',1,'GenIRNo81','GenIRCross81','GenParentage81','GenFemale81','GenMale81','GenSelection81','GenSource81',NULL,1),(82,1564745,'Gen82','GenOtherName82','collarda',1,'GenIRNo82','GenIRCross82','GenParentage82','GenFemale82','GenMale82','GenSelection82','GenSource82',NULL,1),(83,1564746,'Gen83','GenOtherName83','collarda',1,'GenIRNo83','GenIRCross83','GenParentage83','GenFemale83','GenMale83','GenSelection83','GenSource83',NULL,1),(84,1564747,'Gen84','GenOtherName84','collarda',1,'GenIRNo84','GenIRCross84','GenParentage84','GenFemale84','GenMale84','GenSelection84','GenSource84',NULL,1),(85,1564748,'Gen85','GenOtherName85','collarda',1,'GenIRNo85','GenIRCross85','GenParentage85','GenFemale85','GenMale85','GenSelection85','GenSource85',NULL,1),(86,1564749,'Gen86','GenOtherName86','collarda',1,'GenIRNo86','GenIRCross86','GenParentage86','GenFemale86','GenMale86','GenSelection86','GenSource86',NULL,1),(87,1564750,'Gen87','GenOtherName87','collarda',1,'GenIRNo87','GenIRCross87','GenParentage87','GenFemale87','GenMale87','GenSelection87','GenSource87',NULL,1),(88,1564751,'Gen88','GenOtherName88','collarda',1,'GenIRNo88','GenIRCross88','GenParentage88','GenFemale88','GenMale88','GenSelection88','GenSource88',NULL,1),(89,1564752,'Gen89','GenOtherName89','collarda',1,'GenIRNo89','GenIRCross89','GenParentage89','GenFemale89','GenMale89','GenSelection89','GenSource89',NULL,1),(90,1564753,'Gen90','GenOtherName90','collarda',2,'GenIRNo90','GenIRCross90','GenParentage90','GenFemale90','GenMale90','GenSelection90','GenSource90',NULL,1),(91,1564754,'Gen91','GenOtherName91','collarda',2,'GenIRNo91','GenIRCross91','GenParentage91','GenFemale91','GenMale91','GenSelection91','GenSource91',NULL,1),(92,1564755,'Gen92','GenOtherName92','collarda',2,'GenIRNo92','GenIRCross92','GenParentage92','GenFemale92','GenMale92','GenSelection92','GenSource92',NULL,1),(93,1564756,'Gen93','GenOtherName93','collarda',2,'GenIRNo93','GenIRCross93','GenParentage93','GenFemale93','GenMale93','GenSelection93','GenSource93',NULL,1),(94,1564757,'Gen94','GenOtherName94','collarda',2,'GenIRNo94','GenIRCross94','GenParentage94','GenFemale94','GenMale94','GenSelection94','GenSource94',NULL,1),(95,1564758,'Gen95','GenOtherName95','collarda',2,'GenIRNo95','GenIRCross95','GenParentage95','GenFemale95','GenMale95','GenSelection95','GenSource95',NULL,1),(96,1564759,'Gen96','GenOtherName96','collarda',2,'GenIRNo96','GenIRCross96','GenParentage96','GenFemale96','GenMale96','GenSelection96','GenSource96',NULL,1),(97,1564760,'Gen97','GenOtherName97','collarda',2,'GenIRNo97','GenIRCross97','GenParentage97','GenFemale97','GenMale97','GenSelection97','GenSource97',NULL,1),(98,1564761,'Gen98','GenOtherName98','collarda',2,'GenIRNo98','GenIRCross98','GenParentage98','GenFemale98','GenMale98','GenSelection98','GenSource98',NULL,1),(99,1564762,'Gen99','GenOtherName99','collarda',2,'GenIRNo99','GenIRCross99','GenParentage99','GenFemale99','GenMale99','GenSelection99','GenSource99',NULL,1),(100,1564763,'Gen100','GenOtherName100','collarda',2,'GenIRNo100','GenIRCross100','GenParentage100','GenFemale100','GenMale100','GenSelection100','GenSource100',NULL,1),(101,1564764,'Gen101','GenOtherName101','collarda',2,'GenIRNo101','GenIRCross101','GenParentage101','GenFemale101','GenMale101','GenSelection101','GenSource101',NULL,1),(102,1564765,'Gen102','GenOtherName102','collarda',2,'GenIRNo102','GenIRCross102','GenParentage102','GenFemale102','GenMale102','GenSelection102','GenSource102',NULL,1),(103,1564766,'Gen103','GenOtherName103','collarda',2,'GenIRNo103','GenIRCross103','GenParentage103','GenFemale103','GenMale103','GenSelection103','GenSource103',NULL,1),(104,1564767,'Gen104','GenOtherName104','collarda',2,'GenIRNo104','GenIRCross104','GenParentage104','GenFemale104','GenMale104','GenSelection104','GenSource104',NULL,1),(105,1564768,'Gen105','GenOtherName105','collarda',2,'GenIRNo105','GenIRCross105','GenParentage105','GenFemale105','GenMale105','GenSelection105','GenSource105',NULL,1),(106,1564769,'Gen106','GenOtherName106','collarda',2,'GenIRNo106','GenIRCross106','GenParentage106','GenFemale106','GenMale106','GenSelection106','GenSource106',NULL,1),(107,1564770,'Gen107','GenOtherName107','collarda',2,'GenIRNo107','GenIRCross107','GenParentage107','GenFemale107','GenMale107','GenSelection107','GenSource107',NULL,1),(108,1564771,'Gen108','GenOtherName108','RK',2,'GenIRNo108','GenIRCross108','GenParentage108','GenFemale108','GenMale108','GenSelection108','GenSource108',NULL,1),(109,1564772,'Gen109','GenOtherName109','RK',2,'GenIRNo109','GenIRCross109','GenParentage109','GenFemale109','GenMale109','GenSelection109','GenSource109',NULL,1),(110,1564773,'Gen110','GenOtherName110','RK',2,'GenIRNo110','GenIRCross110','GenParentage110','GenFemale110','GenMale110','GenSelection110','GenSource110',NULL,1),(111,1564774,'Gen111','GenOtherName111','RK',2,'GenIRNo111','GenIRCross111','GenParentage111','GenFemale111','GenMale111','GenSelection111','GenSource111',NULL,1),(112,1564775,'Gen112','GenOtherName112','RK',2,'GenIRNo112','GenIRCross112','GenParentage112','GenFemale112','GenMale112','GenSelection112','GenSource112',NULL,1),(113,1564776,'Gen113','GenOtherName113','RK',2,'GenIRNo113','GenIRCross113','GenParentage113','GenFemale113','GenMale113','GenSelection113','GenSource113',NULL,1),(114,1564777,'Gen114','GenOtherName114','RK',2,'GenIRNo114','GenIRCross114','GenParentage114','GenFemale114','GenMale114','GenSelection114','GenSource114',NULL,1),(115,1564778,'Gen115','GenOtherName115','RK',2,'GenIRNo115','GenIRCross115','GenParentage115','GenFemale115','GenMale115','GenSelection115','GenSource115',NULL,1),(116,1564779,'Gen116','GenOtherName116','RK',2,'GenIRNo116','GenIRCross116','GenParentage116','GenFemale116','GenMale116','GenSelection116','GenSource116',NULL,1),(117,1564780,'Gen117','GenOtherName117','RK',2,'GenIRNo117','GenIRCross117','GenParentage117','GenFemale117','GenMale117','GenSelection117','GenSource117',NULL,1),(118,1564781,'Gen118','GenOtherName118','RK',2,'GenIRNo118','GenIRCross118','GenParentage118','GenFemale118','GenMale118','GenSelection118','GenSource118',NULL,1),(119,1564782,'Gen119','GenOtherName119','RK',2,'GenIRNo119','GenIRCross119','GenParentage119','GenFemale119','GenMale119','GenSelection119','GenSource119',NULL,1),(120,1564783,'Gen120','GenOtherName120','RK',2,'GenIRNo120','GenIRCross120','GenParentage120','GenFemale120','GenMale120','GenSelection120','GenSource120',NULL,1),(121,1564784,'Gen121','GenOtherName121','RK',2,'GenIRNo121','GenIRCross121','GenParentage121','GenFemale121','GenMale121','GenSelection121','GenSource121',NULL,1),(122,1564785,'Gen122','GenOtherName122','RK',2,'GenIRNo122','GenIRCross122','GenParentage122','GenFemale122','GenMale122','GenSelection122','GenSource122',NULL,1),(123,1564786,'Gen123','GenOtherName123','RK',2,'GenIRNo123','GenIRCross123','GenParentage123','GenFemale123','GenMale123','GenSelection123','GenSource123',NULL,1),(124,1564787,'Gen124','GenOtherName124','RK',3,'GenIRNo124','GenIRCross124','GenParentage124','GenFemale124','GenMale124','GenSelection124','GenSource124',NULL,1),(125,1564788,'Gen125','GenOtherName125','RK',3,'GenIRNo125','GenIRCross125','GenParentage125','GenFemale125','GenMale125','GenSelection125','GenSource125',NULL,1),(126,1564789,'Gen126','GenOtherName126','RK',3,'GenIRNo126','GenIRCross126','GenParentage126','GenFemale126','GenMale126','GenSelection126','GenSource126',NULL,1),(127,1564790,'Gen127','GenOtherName127','RK',3,'GenIRNo127','GenIRCross127','GenParentage127','GenFemale127','GenMale127','GenSelection127','GenSource127',NULL,1),(128,1564791,'Gen128','GenOtherName128','RK',3,'GenIRNo128','GenIRCross128','GenParentage128','GenFemale128','GenMale128','GenSelection128','GenSource128',NULL,1),(129,1564792,'Gen129','GenOtherName129','RK',3,'GenIRNo129','GenIRCross129','GenParentage129','GenFemale129','GenMale129','GenSelection129','GenSource129',NULL,1),(130,1564793,'Gen130','GenOtherName130','RK',3,'GenIRNo130','GenIRCross130','GenParentage130','GenFemale130','GenMale130','GenSelection130','GenSource130',NULL,1),(131,1564794,'Gen131','GenOtherName131','RK',3,'GenIRNo131','GenIRCross131','GenParentage131','GenFemale131','GenMale131','GenSelection131','GenSource131',NULL,1),(132,1564795,'Gen132','GenOtherName132','RK',3,'GenIRNo132','GenIRCross132','GenParentage132','GenFemale132','GenMale132','GenSelection132','GenSource132',NULL,1),(133,1564796,'Gen133','GenOtherName133','RK',3,'GenIRNo133','GenIRCross133','GenParentage133','GenFemale133','GenMale133','GenSelection133','GenSource133',NULL,1),(134,1564797,'Gen134','GenOtherName134','RK',3,'GenIRNo134','GenIRCross134','GenParentage134','GenFemale134','GenMale134','GenSelection134','GenSource134',NULL,1),(135,1564798,'Gen135','GenOtherName135','RK',3,'GenIRNo135','GenIRCross135','GenParentage135','GenFemale135','GenMale135','GenSelection135','GenSource135',NULL,1),(136,1564799,'Gen136','GenOtherName136','RK',3,'GenIRNo136','GenIRCross136','GenParentage136','GenFemale136','GenMale136','GenSelection136','GenSource136',NULL,1),(137,1564800,'Gen137','GenOtherName137','RK',3,'GenIRNo137','GenIRCross137','GenParentage137','GenFemale137','GenMale137','GenSelection137','GenSource137',NULL,1),(138,1564801,'Gen138','GenOtherName138','RK',3,'GenIRNo138','GenIRCross138','GenParentage138','GenFemale138','GenMale138','GenSelection138','GenSource138',NULL,1),(139,1564802,'Gen139','GenOtherName139','RK',3,'GenIRNo139','GenIRCross139','GenParentage139','GenFemale139','GenMale139','GenSelection139','GenSource139',NULL,1),(140,1564803,'Gen140','GenOtherName140','RK',3,'GenIRNo140','GenIRCross140','GenParentage140','GenFemale140','GenMale140','GenSelection140','GenSource140',NULL,1),(141,1564804,'Gen141','GenOtherName141','RK',3,'GenIRNo141','GenIRCross141','GenParentage141','GenFemale141','GenMale141','GenSelection141','GenSource141',NULL,1),(142,1564805,'Gen142','GenOtherName142','RK',3,'GenIRNo142','GenIRCross142','GenParentage142','GenFemale142','GenMale142','GenSelection142','GenSource142',NULL,1),(143,1564806,'Gen143','GenOtherName143','RK',3,'GenIRNo143','GenIRCross143','GenParentage143','GenFemale143','GenMale143','GenSelection143','GenSource143',NULL,1),(144,1564807,'Gen144','GenOtherName144','RK',3,'GenIRNo144','GenIRCross144','GenParentage144','GenFemale144','GenMale144','GenSelection144','GenSource144',NULL,1),(145,1564808,'Gen145','GenOtherName145','RK',3,'GenIRNo145','GenIRCross145','GenParentage145','GenFemale145','GenMale145','GenSelection145','GenSource145',NULL,1),(146,1564809,'Gen146','GenOtherName146','RK',3,'GenIRNo146','GenIRCross146','GenParentage146','GenFemale146','GenMale146','GenSelection146','GenSource146',NULL,1),(147,1564810,'Gen147','GenOtherName147','RK',3,'GenIRNo147','GenIRCross147','GenParentage147','GenFemale147','GenMale147','GenSelection147','GenSource147',NULL,1),(148,1564811,'Gen148','GenOtherName148','RK',3,'GenIRNo148','GenIRCross148','GenParentage148','GenFemale148','GenMale148','GenSelection148','GenSource148',NULL,1),(149,1564812,'Gen149','GenOtherName149','RK',3,'GenIRNo149','GenIRCross149','GenParentage149','GenFemale149','GenMale149','GenSelection149','GenSource149',NULL,1),(150,1564813,'Gen150','GenOtherName150','RK',3,'GenIRNo150','GenIRCross150','GenParentage150','GenFemale150','GenMale150','GenSelection150','GenSource150',NULL,1),(151,1564814,'Gen151','GenOtherName151','RK',3,'GenIRNo151','GenIRCross151','GenParentage151','GenFemale151','GenMale151','GenSelection151','GenSource151',NULL,1),(152,1564815,'Gen152','GenOtherName152','RK',3,'GenIRNo152','GenIRCross152','GenParentage152','GenFemale152','GenMale152','GenSelection152','GenSource152',NULL,1),(153,1564816,'Gen153','GenOtherName153','RK',3,'GenIRNo153','GenIRCross153','GenParentage153','GenFemale153','GenMale153','GenSelection153','GenSource153',NULL,1),(154,1564817,'Gen154','GenOtherName154','RK',3,'GenIRNo154','GenIRCross154','GenParentage154','GenFemale154','GenMale154','GenSelection154','GenSource154',NULL,1),(155,1564818,'Gen155','GenOtherName155','RK',3,'GenIRNo155','GenIRCross155','GenParentage155','GenFemale155','GenMale155','GenSelection155','GenSource155',NULL,1),(156,1564819,'Gen156','GenOtherName156','RK',3,'GenIRNo156','GenIRCross156','GenParentage156','GenFemale156','GenMale156','GenSelection156','GenSource156',NULL,1),(157,1564820,'Gen157','GenOtherName157','RK',3,'GenIRNo157','GenIRCross157','GenParentage157','GenFemale157','GenMale157','GenSelection157','GenSource157',NULL,1),(158,1564821,'Gen158','GenOtherName158','RK',3,'GenIRNo158','GenIRCross158','GenParentage158','GenFemale158','GenMale158','GenSelection158','GenSource158',NULL,1),(159,1564822,'Gen159','GenOtherName159','RK',3,'GenIRNo159','GenIRCross159','GenParentage159','GenFemale159','GenMale159','GenSelection159','GenSource159',NULL,1),(160,1564823,'Gen160','GenOtherName160','RK',3,'GenIRNo160','GenIRCross160','GenParentage160','GenFemale160','GenMale160','GenSelection160','GenSource160',NULL,1),(161,1564824,'Gen161','GenOtherName161','RK',3,'GenIRNo161','GenIRCross161','GenParentage161','GenFemale161','GenMale161','GenSelection161','GenSource161',NULL,1),(162,1564825,'Gen162','GenOtherName162','RK',3,'GenIRNo162','GenIRCross162','GenParentage162','GenFemale162','GenMale162','GenSelection162','GenSource162',NULL,1),(163,1564826,'Gen163','GenOtherName163','RK',3,'GenIRNo163','GenIRCross163','GenParentage163','GenFemale163','GenMale163','GenSelection163','GenSource163',NULL,1),(164,1564827,'Gen164','GenOtherName164','RK',3,'GenIRNo164','GenIRCross164','GenParentage164','GenFemale164','GenMale164','GenSelection164','GenSource164',NULL,1),(165,1564828,'Gen165','GenOtherName165','RK',3,'GenIRNo165','GenIRCross165','GenParentage165','GenFemale165','GenMale165','GenSelection165','GenSource165',NULL,1),(166,1564829,'Gen166','GenOtherName166','RK',3,'GenIRNo166','GenIRCross166','GenParentage166','GenFemale166','GenMale166','GenSelection166','GenSource166',NULL,1),(167,1564830,'Gen167','GenOtherName167','RK',3,'GenIRNo167','GenIRCross167','GenParentage167','GenFemale167','GenMale167','GenSelection167','GenSource167',NULL,1),(168,1564831,'Gen168','GenOtherName168','RK',3,'GenIRNo168','GenIRCross168','GenParentage168','GenFemale168','GenMale168','GenSelection168','GenSource168',NULL,1),(169,1564832,'Gen169','GenOtherName169','RK',3,'GenIRNo169','GenIRCross169','GenParentage169','GenFemale169','GenMale169','GenSelection169','GenSource169',NULL,1),(170,1564833,'Gen170','GenOtherName170','RK',3,'GenIRNo170','GenIRCross170','GenParentage170','GenFemale170','GenMale170','GenSelection170','GenSource170',NULL,1),(171,1564834,'Gen171','GenOtherName171','RK',3,'GenIRNo171','GenIRCross171','GenParentage171','GenFemale171','GenMale171','GenSelection171','GenSource171',NULL,1),(172,1564835,'Gen172','GenOtherName172','RK',3,'GenIRNo172','GenIRCross172','GenParentage172','GenFemale172','GenMale172','GenSelection172','GenSource172',NULL,1),(173,1564836,'Gen173','GenOtherName173','RK',3,'GenIRNo173','GenIRCross173','GenParentage173','GenFemale173','GenMale173','GenSelection173','GenSource173',NULL,1),(174,1564837,'Gen174','GenOtherName174','RK',3,'GenIRNo174','GenIRCross174','GenParentage174','GenFemale174','GenMale174','GenSelection174','GenSource174',NULL,1),(175,1564838,'Gen175','GenOtherName175','RK',4,'GenIRNo175','GenIRCross175','GenParentage175','GenFemale175','GenMale175','GenSelection175','GenSource175',NULL,1),(176,1564839,'Gen176','GenOtherName176','RK',4,'GenIRNo176','GenIRCross176','GenParentage176','GenFemale176','GenMale176','GenSelection176','GenSource176',NULL,1),(177,1564840,'Gen177','GenOtherName177','RK',4,'GenIRNo177','GenIRCross177','GenParentage177','GenFemale177','GenMale177','GenSelection177','GenSource177',NULL,1),(178,1564841,'Gen178','GenOtherName178','RK',4,'GenIRNo178','GenIRCross178','GenParentage178','GenFemale178','GenMale178','GenSelection178','GenSource178',NULL,1),(179,1564842,'Gen179','GenOtherName179','RK',4,'GenIRNo179','GenIRCross179','GenParentage179','GenFemale179','GenMale179','GenSelection179','GenSource179',NULL,1),(180,1564843,'Gen180','GenOtherName180','RK',4,'GenIRNo180','GenIRCross180','GenParentage180','GenFemale180','GenMale180','GenSelection180','GenSource180',NULL,1),(181,1564844,'Gen181','GenOtherName181','RK',4,'GenIRNo181','GenIRCross181','GenParentage181','GenFemale181','GenMale181','GenSelection181','GenSource181',NULL,1),(182,1564845,'Gen182','GenOtherName182','RK',4,'GenIRNo182','GenIRCross182','GenParentage182','GenFemale182','GenMale182','GenSelection182','GenSource182',NULL,1),(183,1564846,'Gen183','GenOtherName183','RK',4,'GenIRNo183','GenIRCross183','GenParentage183','GenFemale183','GenMale183','GenSelection183','GenSource183',NULL,1),(184,1564847,'Gen184','GenOtherName184','RK',4,'GenIRNo184','GenIRCross184','GenParentage184','GenFemale184','GenMale184','GenSelection184','GenSource184',NULL,1),(185,1564848,'Gen185','GenOtherName185','RK',4,'GenIRNo185','GenIRCross185','GenParentage185','GenFemale185','GenMale185','GenSelection185','GenSource185',NULL,1),(186,1564849,'Gen186','GenOtherName186','RK',4,'GenIRNo186','GenIRCross186','GenParentage186','GenFemale186','GenMale186','GenSelection186','GenSource186',NULL,1),(187,1564850,'Gen187','GenOtherName187','RK',4,'GenIRNo187','GenIRCross187','GenParentage187','GenFemale187','GenMale187','GenSelection187','GenSource187',NULL,1),(188,1564851,'Gen188','GenOtherName188','RK',4,'GenIRNo188','GenIRCross188','GenParentage188','GenFemale188','GenMale188','GenSelection188','GenSource188',NULL,1),(189,1564852,'Gen189','GenOtherName189','RK',4,'GenIRNo189','GenIRCross189','GenParentage189','GenFemale189','GenMale189','GenSelection189','GenSource189',NULL,1),(190,1564853,'Gen190','GenOtherName190','RK',4,'GenIRNo190','GenIRCross190','GenParentage190','GenFemale190','GenMale190','GenSelection190','GenSource190',NULL,1),(191,1564854,'Gen191','GenOtherName191','RK',4,'GenIRNo191','GenIRCross191','GenParentage191','GenFemale191','GenMale191','GenSelection191','GenSource191',NULL,1),(192,1564855,'Gen192','GenOtherName192','RK',4,'GenIRNo192','GenIRCross192','GenParentage192','GenFemale192','GenMale192','GenSelection192','GenSource192',NULL,1),(193,1564856,'Gen193','GenOtherName193','RK',4,'GenIRNo193','GenIRCross193','GenParentage193','GenFemale193','GenMale193','GenSelection193','GenSource193',NULL,1),(194,1564857,'Gen194','GenOtherName194','RK',4,'GenIRNo194','GenIRCross194','GenParentage194','GenFemale194','GenMale194','GenSelection194','GenSource194',NULL,1),(195,1564858,'Gen195','GenOtherName195','RK',4,'GenIRNo195','GenIRCross195','GenParentage195','GenFemale195','GenMale195','GenSelection195','GenSource195',NULL,1),(196,1564859,'Gen196','GenOtherName196','RK',4,'GenIRNo196','GenIRCross196','GenParentage196','GenFemale196','GenMale196','GenSelection196','GenSource196',NULL,1),(197,1564860,'Gen197','GenOtherName197','RK',4,'GenIRNo197','GenIRCross197','GenParentage197','GenFemale197','GenMale197','GenSelection197','GenSource197',NULL,1),(198,1564861,'Gen198','GenOtherName198','RK',4,'GenIRNo198','GenIRCross198','GenParentage198','GenFemale198','GenMale198','GenSelection198','GenSource198',NULL,1),(199,1564862,'Gen199','GenOtherName199','RK',4,'GenIRNo199','GenIRCross199','GenParentage199','GenFemale199','GenMale199','GenSelection199','GenSource199',NULL,1),(200,1564863,'Gen200','GenOtherName200','RK',4,'GenIRNo200','GenIRCross200','GenParentage200','GenFemale200','GenMale200','GenSelection200','GenSource200',NULL,1);

/*Table structure for table `germplasmcharacteristics` */

DROP TABLE IF EXISTS `germplasmcharacteristics`;

CREATE TABLE `germplasmcharacteristics` (
  `id` int(10) NOT NULL AUTO_INCREMENT,
  `germplasmname` varchar(50) DEFAULT NULL,
  `attribute` varchar(30) DEFAULT NULL,
  `keyvalue` varchar(30) DEFAULT NULL,
  PRIMARY KEY (`id`),
  KEY `germplasmname` (`germplasmname`)
) ENGINE=InnoDB AUTO_INCREMENT=1389 DEFAULT CHARSET=latin1;

/*Data for the table `germplasmcharacteristics` */

insert  into `germplasmcharacteristics`(`id`,`germplasmname`,`attribute`,`keyvalue`) values (1,'Gen1','Abiotic','Salt'),(2,'Gen2','Abiotic','Salt'),(3,'Gen3','Abiotic','Salt'),(4,'Gen4','Abiotic','Salt'),(5,'Gen5','Abiotic','Salt'),(6,'Gen6','Abiotic','Salt'),(7,'Gen7','Abiotic','Salt'),(8,'Gen8','Abiotic','Salt'),(9,'Gen9','Abiotic','Salt'),(10,'Gen10','Abiotic','Salt'),(11,'Gen11','Abiotic','Salt'),(12,'Gen12','Abiotic','Salt'),(13,'Gen13','Abiotic','Salt'),(14,'Gen14','Abiotic','Salt'),(15,'Gen15','Abiotic','Salt'),(16,'Gen16','Abiotic','Salt'),(17,'Gen17','Abiotic','Salt'),(18,'Gen18','Abiotic','Salt'),(19,'Gen19','Abiotic','Salt'),(20,'Gen20','Abiotic','Salt'),(21,'Gen21','Abiotic','Salt'),(22,'Gen22','Abiotic','Salt'),(23,'Gen23','Abiotic','Salt'),(24,'Gen24','Abiotic','Salt'),(25,'Gen25','Abiotic','Salt'),(26,'Gen26','Abiotic','Salt'),(27,'Gen27','Abiotic','Salt'),(28,'Gen28','Abiotic','Salt'),(29,'Gen29','Abiotic','Salt'),(30,'Gen30','Abiotic','Salt'),(31,'Gen31','Abiotic','Salt'),(32,'Gen32','Abiotic','Salt'),(33,'Gen33','Abiotic','Salt'),(34,'Gen34','Abiotic','Salt'),(35,'Gen35','Abiotic','Salt'),(36,'Gen1','Abiotic','drought'),(37,'Gen2','Abiotic','drought'),(38,'Gen3','Abiotic','drought'),(39,'Gen4','Abiotic','drought'),(40,'Gen5','Abiotic','drought'),(41,'Gen6','Abiotic','drought'),(42,'Gen7','Abiotic','drought'),(43,'Gen8','Abiotic','drought'),(44,'Gen9','Abiotic','drought'),(45,'Gen10','Abiotic','drought'),(46,'Gen11','Abiotic','drought'),(47,'Gen12','Abiotic','drought'),(48,'Gen13','Abiotic','drought'),(49,'Gen14','Abiotic','drought'),(50,'Gen15','Abiotic','drought'),(51,'Gen16','Abiotic','drought'),(52,'Gen17','Abiotic','drought'),(53,'Gen18','Abiotic','drought'),(54,'Gen19','Abiotic','drought'),(55,'Gen20','Abiotic','drought'),(56,'Gen21','Abiotic','drought'),(57,'Gen22','Abiotic','drought'),(58,'Gen23','Abiotic','drought'),(59,'Gen24','Abiotic','drought'),(60,'Gen25','Abiotic','drought'),(61,'Gen26','Abiotic','drought'),(62,'Gen27','Abiotic','drought'),(63,'Gen28','Abiotic','drought'),(64,'Gen29','Abiotic','drought'),(65,'Gen30','Abiotic','drought'),(66,'Gen31','Abiotic','drought'),(67,'Gen32','Abiotic','drought'),(68,'Gen33','Abiotic','drought'),(69,'Gen34','Abiotic','drought'),(70,'Gen35','Abiotic','drought'),(71,'Gen36','Abiotic','drought'),(72,'Gen37','Abiotic','drought'),(73,'Gen38','Abiotic','drought'),(74,'Gen39','Abiotic','drought'),(75,'Gen40','Abiotic','drought'),(76,'Gen41','Abiotic','drought'),(77,'Gen42','Abiotic','drought'),(78,'Gen43','Abiotic','drought'),(79,'Gen44','Abiotic','drought'),(80,'Gen45','Abiotic','drought'),(81,'Gen46','Abiotic','drought'),(82,'Gen47','Abiotic','drought'),(83,'Gen48','Abiotic','drought'),(84,'Gen49','Abiotic','drought'),(85,'Gen50','Abiotic','drought'),(86,'Gen51','Abiotic','drought'),(87,'Gen52','Abiotic','drought'),(88,'Gen53','Abiotic','drought'),(89,'Gen54','Abiotic','drought'),(90,'Gen55','Abiotic','drought'),(91,'Gen56','Abiotic','drought'),(92,'Gen57','Abiotic','drought'),(93,'Gen58','Abiotic','drought'),(94,'Gen59','Abiotic','drought'),(95,'Gen60','Abiotic','drought'),(96,'Gen61','Abiotic','drought'),(97,'Gen62','Abiotic','drought'),(98,'Gen63','Abiotic','drought'),(99,'Gen64','Abiotic','drought'),(100,'Gen65','Abiotic','drought'),(101,'Gen66','Abiotic','drought'),(102,'Gen67','Abiotic','drought'),(103,'Gen68','Abiotic','drought'),(104,'Gen5','Abiotic','Cold'),(105,'Gen6','Abiotic','Cold'),(106,'Gen7','Abiotic','Cold'),(107,'Gen8','Abiotic','Cold'),(108,'Gen9','Abiotic','Cold'),(109,'Gen10','Abiotic','Cold'),(110,'Gen11','Abiotic','Cold'),(111,'Gen12','Abiotic','Cold'),(112,'Gen13','Abiotic','Cold'),(113,'Gen14','Abiotic','Cold'),(114,'Gen15','Abiotic','Cold'),(115,'Gen16','Abiotic','Cold'),(116,'Gen17','Abiotic','Cold'),(117,'Gen18','Abiotic','Cold'),(118,'Gen19','Abiotic','Cold'),(119,'Gen20','Abiotic','Cold'),(120,'Gen21','Abiotic','Cold'),(121,'Gen22','Abiotic','Cold'),(122,'Gen23','Abiotic','Cold'),(123,'Gen24','Abiotic','Cold'),(124,'Gen25','Abiotic','Cold'),(125,'Gen26','Abiotic','Cold'),(126,'Gen27','Abiotic','Cold'),(127,'Gen28','Abiotic','Cold'),(128,'Gen29','Abiotic','Cold'),(129,'Gen30','Abiotic','Cold'),(130,'Gen31','Abiotic','Cold'),(131,'Gen32','Abiotic','Cold'),(132,'Gen33','Abiotic','Cold'),(133,'Gen34','Abiotic','Cold'),(134,'Gen35','Abiotic','Cold'),(135,'Gen36','Abiotic','Cold'),(136,'Gen37','Abiotic','Cold'),(137,'Gen38','Abiotic','Cold'),(138,'Gen39','Abiotic','Cold'),(139,'Gen40','Abiotic','Cold'),(140,'Gen41','Abiotic','Cold'),(141,'Gen42','Abiotic','Cold'),(142,'Gen43','Abiotic','Cold'),(143,'Gen44','Abiotic','Cold'),(144,'Gen45','Abiotic','Cold'),(145,'Gen46','Abiotic','Cold'),(146,'Gen47','Abiotic','Cold'),(147,'Gen48','Abiotic','Cold'),(148,'Gen49','Abiotic','Cold'),(149,'Gen50','Abiotic','Cold'),(150,'Gen51','Abiotic','Cold'),(151,'Gen52','Abiotic','Cold'),(152,'Gen53','Abiotic','Cold'),(153,'Gen54','Abiotic','Cold'),(154,'Gen55','Abiotic','Cold'),(155,'Gen56','Abiotic','Cold'),(156,'Gen57','Abiotic','Cold'),(157,'Gen58','Abiotic','Cold'),(158,'Gen59','Abiotic','Cold'),(159,'Gen60','Abiotic','Cold'),(160,'Gen61','Abiotic','Cold'),(161,'Gen62','Abiotic','Cold'),(162,'Gen63','Abiotic','Cold'),(163,'Gen64','Abiotic','Cold'),(164,'Gen65','Abiotic','Cold'),(165,'Gen66','Abiotic','Cold'),(166,'Gen67','Abiotic','Cold'),(167,'Gen68','Abiotic','Cold'),(168,'Gen69','Abiotic','Cold'),(169,'Gen70','Abiotic','Cold'),(170,'Gen71','Abiotic','Cold'),(171,'Gen72','Abiotic','Cold'),(172,'Gen73','Abiotic','Cold'),(173,'Gen74','Abiotic','Cold'),(174,'Gen75','Abiotic','Cold'),(175,'Gen76','Abiotic','Cold'),(176,'Gen77','Abiotic','Cold'),(177,'Gen78','Abiotic','Cold'),(178,'Gen79','Abiotic','Cold'),(179,'Gen80','Abiotic','Cold'),(180,'Gen81','Abiotic','Cold'),(181,'Gen82','Abiotic','Cold'),(182,'Gen83','Abiotic','Cold'),(183,'Gen84','Abiotic','Cold'),(184,'Gen85','Abiotic','Cold'),(185,'Gen86','Abiotic','Cold'),(186,'Gen87','Abiotic','Cold'),(187,'Gen88','Abiotic','Cold'),(188,'Gen89','Abiotic','Cold'),(189,'Gen90','Abiotic','Cold'),(190,'Gen91','Abiotic','Cold'),(191,'Gen92','Abiotic','Cold'),(192,'Gen93','Abiotic','Cold'),(193,'Gen94','Abiotic','Cold'),(194,'Gen95','Abiotic','Cold'),(195,'Gen96','Abiotic','Cold'),(196,'Gen97','Abiotic','Cold'),(197,'Gen98','Abiotic','Cold'),(198,'Gen99','Abiotic','Cold'),(199,'Gen100','Abiotic','Cold'),(200,'Gen101','Abiotic','Cold'),(201,'Gen10','Abiotic','Low P'),(202,'Gen11','Abiotic','Low P'),(203,'Gen12','Abiotic','Low P'),(204,'Gen13','Abiotic','Low P'),(205,'Gen14','Abiotic','Low P'),(206,'Gen15','Abiotic','Low P'),(207,'Gen16','Abiotic','Low P'),(208,'Gen17','Abiotic','Low P'),(209,'Gen18','Abiotic','Low P'),(210,'Gen19','Abiotic','Low P'),(211,'Gen20','Abiotic','Low P'),(212,'Gen21','Abiotic','Low P'),(213,'Gen22','Abiotic','Low P'),(214,'Gen23','Abiotic','Low P'),(215,'Gen24','Abiotic','Low P'),(216,'Gen25','Abiotic','Low P'),(217,'Gen26','Abiotic','Low P'),(218,'Gen27','Abiotic','Low P'),(219,'Gen28','Abiotic','Low P'),(220,'Gen29','Abiotic','Low P'),(221,'Gen30','Abiotic','Low P'),(222,'Gen31','Abiotic','Low P'),(223,'Gen32','Abiotic','Low P'),(224,'Gen33','Abiotic','Low P'),(225,'Gen34','Abiotic','Low P'),(226,'Gen35','Abiotic','Low P'),(227,'Gen36','Abiotic','Low P'),(228,'Gen37','Abiotic','Low P'),(229,'Gen38','Abiotic','Low P'),(230,'Gen39','Abiotic','Low P'),(231,'Gen40','Abiotic','Low P'),(232,'Gen41','Abiotic','Low P'),(233,'Gen42','Abiotic','Low P'),(234,'Gen43','Abiotic','Low P'),(235,'Gen44','Abiotic','Low P'),(236,'Gen45','Abiotic','Low N'),(237,'Gen46','Abiotic','Low N'),(238,'Gen47','Abiotic','Low N'),(239,'Gen48','Abiotic','Low N'),(240,'Gen49','Abiotic','Low N'),(241,'Gen50','Abiotic','Low N'),(242,'Gen51','Abiotic','Low N'),(243,'Gen52','Abiotic','Low N'),(244,'Gen53','Abiotic','Low N'),(245,'Gen54','Abiotic','Low N'),(246,'Gen55','Abiotic','Low N'),(247,'Gen56','Abiotic','Low N'),(248,'Gen57','Abiotic','Low N'),(249,'Gen58','Abiotic','Low N'),(250,'Gen59','Abiotic','Low N'),(251,'Gen60','Abiotic','Low N'),(252,'Gen61','Abiotic','Low N'),(253,'Gen62','Abiotic','Low N'),(254,'Gen63','Abiotic','Low N'),(255,'Gen64','Abiotic','Low N'),(256,'Gen65','Abiotic','Low N'),(257,'Gen66','Abiotic','Low N'),(258,'Gen67','Abiotic','Low N'),(259,'Gen68','Abiotic','Low N'),(260,'Gen69','Abiotic','Low N'),(261,'Gen70','Abiotic','Low N'),(262,'Gen71','Abiotic','Low N'),(263,'Gen72','Abiotic','Low N'),(264,'Gen73','Abiotic','Low N'),(265,'Gen74','Abiotic','Low N'),(266,'Gen75','Abiotic','Low N'),(267,'Gen76','Abiotic','Low N'),(268,'Gen77','Abiotic','Low N'),(269,'Gen78','Abiotic','Low N'),(270,'Gen79','Abiotic','Low N'),(271,'Gen80','Abiotic','Low N'),(272,'Gen81','Abiotic','Low N'),(273,'Gen82','Abiotic','Low N'),(274,'Gen83','Abiotic','Low N'),(275,'Gen84','Abiotic','Low N'),(276,'Gen85','Abiotic','Low N'),(277,'Gen86','Abiotic','Low N'),(278,'Gen87','Abiotic','Low N'),(279,'Gen88','Abiotic','Low N'),(280,'Gen89','Abiotic','Low N'),(281,'Gen90','Abiotic','Low N'),(282,'Gen91','Abiotic','Low N'),(283,'Gen92','Abiotic','Low N'),(284,'Gen93','Abiotic','Low N'),(285,'Gen94','Abiotic','Low N'),(286,'Gen95','Abiotic','Low N'),(287,'Gen96','Abiotic','Low N'),(288,'Gen97','Abiotic','Low N'),(289,'Gen98','Abiotic','Low N'),(290,'Gen99','Abiotic','Low N'),(291,'Gen100','Abiotic','Low N'),(292,'Gen101','Abiotic','Low N'),(293,'Gen102','Abiotic','Low N'),(294,'Gen103','Abiotic','Low N'),(295,'Gen104','Abiotic','Low N'),(296,'Gen105','Abiotic','Low N'),(297,'Gen106','Abiotic','Low N'),(298,'Gen107','Abiotic','Low N'),(299,'Gen108','Abiotic','Low N'),(300,'Gen109','Abiotic','Low N'),(301,'Gen110','Abiotic','Low N'),(302,'Gen111','Abiotic','Low N'),(303,'Gen112','Abiotic','Low N'),(304,'Gen113','Abiotic','Low N'),(305,'Gen114','Abiotic','Low N'),(306,'Gen115','Abiotic','Low N'),(307,'Gen116','Abiotic','Low N'),(308,'Gen117','Abiotic','Low N'),(309,'Gen118','Abiotic','Low N'),(310,'Gen119','Abiotic','Low N'),(311,'Gen120','Abiotic','Low N'),(312,'Gen121','Abiotic','Low N'),(313,'Gen122','Abiotic','Low N'),(314,'Gen123','Abiotic','Low N'),(315,'Gen124','Abiotic','Low N'),(316,'Gen125','Abiotic','Low N'),(317,'Gen126','Abiotic','Low N'),(318,'Gen127','Abiotic','Low N'),(319,'Gen128','Abiotic','Low N'),(320,'Gen129','Abiotic','Low N'),(321,'Gen130','Abiotic','Low N'),(322,'Gen131','Abiotic','Low N'),(323,'Gen132','Abiotic','Low N'),(324,'Gen133','Abiotic','Low N'),(325,'Gen134','Abiotic','Low N'),(326,'Gen135','Abiotic','Low N'),(327,'Gen136','Abiotic','Low N'),(328,'Gen137','Abiotic','Low N'),(329,'Gen138','Abiotic','Low N'),(330,'Gen139','Abiotic','Low N'),(331,'Gen140','Abiotic','Low N'),(332,'Gen141','Abiotic','Low N'),(333,'Gen142','Abiotic','Low N'),(334,'Gen143','Abiotic','Low N'),(335,'Gen144','Abiotic','Low N'),(336,'Gen145','Abiotic','Low N'),(337,'Gen146','Abiotic','Low N'),(338,'Gen147','Abiotic','Low N'),(339,'Gen148','Abiotic','Low N'),(340,'Gen149','Abiotic','Low N'),(341,'Gen150','Abiotic','Het'),(342,'Gen151','Abiotic','Het'),(343,'Gen152','Abiotic','Het'),(344,'Gen153','Abiotic','Het'),(345,'Gen154','Abiotic','Het'),(346,'Gen155','Abiotic','Het'),(347,'Gen156','Abiotic','Het'),(348,'Gen1','Biotic','Blast'),(349,'Gen2','Biotic','Blast'),(350,'Gen3','Biotic','Blast'),(351,'Gen4','Biotic','Blast'),(352,'Gen5','Biotic','Blast'),(353,'Gen6','Biotic','Blast'),(354,'Gen7','Biotic','Blast'),(355,'Gen8','Biotic','Blast'),(356,'Gen9','Biotic','Blast'),(357,'Gen10','Biotic','Blast'),(358,'Gen11','Biotic','Blast'),(359,'Gen12','Biotic','Blast'),(360,'Gen13','Biotic','Blast'),(361,'Gen14','Biotic','Blast'),(362,'Gen15','Biotic','Blast'),(363,'Gen16','Biotic','Blast'),(364,'Gen17','Biotic','Blast'),(365,'Gen18','Biotic','Blast'),(366,'Gen19','Biotic','Blast'),(367,'Gen20','Biotic','Blast'),(368,'Gen21','Biotic','Tungro'),(369,'Gen22','Biotic','Tungro'),(370,'Gen23','Biotic','Tungro'),(371,'Gen24','Biotic','Tungro'),(372,'Gen25','Biotic','Tungro'),(373,'Gen26','Biotic','Tungro'),(374,'Gen27','Biotic','Tungro'),(375,'Gen28','Biotic','Tungro'),(376,'Gen29','Biotic','Tungro'),(377,'Gen30','Biotic','Tungro'),(378,'Gen31','Biotic','Tungro'),(379,'Gen32','Biotic','Tungro'),(380,'Gen33','Biotic','Tungro'),(381,'Gen34','Biotic','Tungro'),(382,'Gen35','Biotic','Tungro'),(383,'Gen36','Biotic','Tungro'),(384,'Gen37','Biotic','Tungro'),(385,'Gen38','Biotic','Tungro'),(386,'Gen39','Biotic','Tungro'),(387,'Gen40','Biotic','Tungro'),(388,'Gen41','Biotic','Tungro'),(389,'Gen42','Biotic','Tungro'),(390,'Gen43','Biotic','Tungro'),(391,'Gen44','Biotic','Tungro'),(392,'Gen45','Biotic','Tungro'),(393,'Gen46','Biotic','Tungro'),(394,'Gen47','Biotic','Tungro'),(395,'Gen48','Biotic','Tungro'),(396,'Gen49','Biotic','Tungro'),(397,'Gen50','Biotic','Tungro'),(398,'Gen51','Biotic','Tungro'),(399,'Gen52','Biotic','Tungro'),(400,'Gen53','Biotic','Tungro'),(401,'Gen54','Biotic','Tungro'),(402,'Gen55','Biotic','Tungro'),(403,'Gen56','Biotic','Tungro'),(404,'Gen57','Biotic','Tungro'),(405,'Gen58','Biotic','Tungro'),(406,'Gen59','Biotic','Tungro'),(407,'Gen60','Biotic','Tungro'),(408,'Gen61','Biotic','Tungro'),(409,'Gen62','Biotic','Tungro'),(410,'Gen63','Biotic','Tungro'),(411,'Gen64','Biotic','Tungro'),(412,'Gen65','Biotic','Tungro'),(413,'Gen66','Biotic','Tungro'),(414,'Gen67','Biotic','Tungro'),(415,'Gen68','Biotic','Tungro'),(416,'Gen69','Biotic','Tungro'),(417,'Gen70','Biotic','Tungro'),(418,'Gen71','Biotic','Tungro'),(419,'Gen72','Biotic','Tungro'),(420,'Gen73','Biotic','Tungro'),(421,'Gen74','Biotic','Tungro'),(422,'Gen75','Biotic','Tungro'),(423,'Gen76','Biotic','Tungro'),(424,'Gen77','Biotic','Tungro'),(425,'Gen78','Biotic','Tungro'),(426,'Gen79','Biotic','Tungro'),(427,'Gen80','Biotic','Tungro'),(428,'Gen81','Biotic','Tungro'),(429,'Gen82','Biotic','Tungro'),(430,'Gen83','Biotic','Tungro'),(431,'Gen84','Biotic','Tungro'),(432,'Gen85','Biotic','Tungro'),(433,'Gen86','Biotic','Tungro'),(434,'Gen87','Biotic','Tungro'),(435,'Gen88','Biotic','Tungro'),(436,'Gen89','Biotic','Tungro'),(437,'Gen90','Biotic','Tungro'),(438,'Gen91','Biotic','Tungro'),(439,'Gen92','Biotic','Tungro'),(440,'Gen93','Biotic','Tungro'),(441,'Gen94','Biotic','Tungro'),(442,'Gen95','Biotic','Tungro'),(443,'Gen96','Biotic','Tungro'),(444,'Gen97','Biotic','Tungro'),(445,'Gen98','Biotic','Tungro'),(446,'Gen99','Biotic','Tungro'),(447,'Gen100','Biotic','Tungro'),(448,'Gen101','Biotic','Tungro'),(449,'Gen102','Biotic','Tungro'),(450,'Gen103','Biotic','Tungro'),(451,'Gen104','Biotic','Tungro'),(452,'Gen105','Biotic','Tungro'),(453,'Gen106','Biotic','Tungro'),(454,'Gen107','Biotic','Tungro'),(455,'Gen108','Biotic','Tungro'),(456,'Gen109','Biotic','Tungro'),(457,'Gen110','Biotic','Tungro'),(458,'Gen111','Biotic','Tungro'),(459,'Gen112','Biotic','Tungro'),(460,'Gen113','Biotic','Tungro'),(461,'Gen114','Biotic','Tungro'),(462,'Gen115','Biotic','Tungro'),(463,'Gen116','Biotic','Tungro'),(464,'Gen117','Biotic','Tungro'),(465,'Gen118','Biotic','Tungro'),(466,'Gen119','Biotic','Tungro'),(467,'Gen120','Biotic','Tungro'),(468,'Gen121','Biotic','Tungro'),(469,'Gen122','Biotic','Tungro'),(470,'Gen123','Biotic','Tungro'),(471,'Gen124','Biotic','Tungro'),(472,'Gen125','Biotic','Tungro'),(473,'Gen126','Biotic','Tungro'),(474,'Gen127','Biotic','Tungro'),(475,'Gen128','Biotic','Tungro'),(476,'Gen129','Biotic','Tungro'),(477,'Gen130','Biotic','Tungro'),(478,'Gen131','Biotic','Tungro'),(479,'Gen132','Biotic','Tungro'),(480,'Gen133','Biotic','Tungro'),(481,'Gen134','Biotic','Tungro'),(482,'Gen135','Biotic','Tungro'),(483,'Gen136','Biotic','Tungro'),(484,'Gen137','Biotic','Tungro'),(485,'Gen138','Biotic','Tungro'),(486,'Gen139','Biotic','Tungro'),(487,'Gen140','Biotic','Tungro'),(488,'Gen141','Biotic','Tungro'),(489,'Gen142','Biotic','Tungro'),(490,'Gen143','Biotic','Tungro'),(491,'Gen144','Biotic','Tungro'),(492,'Gen145','Biotic','Tungro'),(493,'Gen146','Biotic','Tungro'),(494,'Gen147','Biotic','Tungro'),(495,'Gen148','Biotic','Tungro'),(496,'Gen149','Biotic','Tungro'),(497,'Gen150','Biotic','Tungro'),(498,'Gen151','Biotic','Tungro'),(499,'Gen152','Biotic','Bacterial Blight'),(500,'Gen153','Biotic','Bacterial Blight'),(501,'Gen154','Biotic','Bacterial Blight'),(502,'Gen155','Biotic','Bacterial Blight'),(503,'Gen156','Biotic','Bacterial Blight'),(504,'Gen157','Biotic','Bacterial Blight'),(505,'Gen158','Biotic','Bacterial Blight'),(506,'Gen159','Biotic','Bacterial Blight'),(507,'Gen160','Biotic','Bacterial Blight'),(508,'Gen161','Biotic','Bacterial Blight'),(509,'Gen162','Biotic','Bacterial Blight'),(510,'Gen163','Biotic','Bacterial Blight'),(511,'Gen164','Biotic','Bacterial Blight'),(512,'Gen165','Biotic','Bacterial Blight'),(513,'Gen166','Biotic','Bacterial Blight'),(514,'Gen167','Biotic','Bacterial Blight'),(515,'Gen168','Biotic','Bacterial Blight'),(516,'Gen169','Biotic','Bacterial Blight'),(517,'Gen170','Biotic','Bacterial Blight'),(518,'Gen171','Biotic','Bacterial Blight'),(519,'Gen172','Biotic','Bacterial Blight'),(520,'Gen173','Biotic','Bacterial Blight'),(521,'Gen174','Biotic','Bacterial Blight'),(522,'Gen175','Biotic','Bacterial Blight'),(523,'Gen176','Biotic','Bacterial Blight'),(524,'Gen177','Biotic','Bacterial Blight'),(525,'Gen178','Biotic','Bacterial Blight'),(526,'Gen179','Biotic','Bacterial Blight'),(527,'Gen180','Biotic','Bacterial Blight'),(528,'Gen181','Biotic','Bacterial Blight'),(529,'Gen182','Biotic','Bacterial Blight'),(530,'Gen183','Biotic','Bacterial Blight'),(531,'Gen184','Biotic','Bacterial Blight'),(532,'Gen185','Biotic','Bacterial Blight'),(533,'Gen186','Biotic','Bacterial Blight'),(534,'Gen187','Biotic','Bacterial Blight'),(535,'Gen188','Biotic','Bacterial Blight'),(536,'Gen189','Biotic','Bacterial Blight'),(537,'Gen190','Biotic','Bacterial Blight'),(538,'Gen191','Biotic','Bacterial Blight'),(539,'Gen192','Biotic','Bacterial Blight'),(540,'Gen193','Biotic','Bacterial Blight'),(541,'Gen194','Biotic','Bacterial Blight'),(542,'Gen195','Biotic','Bacterial Blight'),(543,'Gen196','Biotic','Bacterial Blight'),(544,'Gen197','Biotic','Bacterial Blight'),(545,'Gen198','Biotic','Bacterial Blight'),(546,'Gen199','Biotic','Bacterial Blight'),(547,'Gen200','Biotic','Bacterial Blight'),(548,'Gen46','Biotic','Bacterial Blight'),(549,'Gen47','Biotic','Bacterial Blight'),(550,'Gen48','Biotic','Bacterial Blight'),(551,'Gen49','Biotic','Bacterial Blight'),(552,'Gen50','Biotic','Bacterial Blight'),(553,'Gen51','Biotic','Bacterial Blight'),(554,'Gen52','Biotic','Bacterial Blight'),(555,'Gen53','Biotic','Bacterial Blight'),(556,'Gen54','Biotic','Bacterial Blight'),(557,'Gen55','Biotic','Bacterial Blight'),(558,'Gen56','Biotic','Bacterial Blight'),(559,'Gen57','Biotic','Bacterial Blight'),(560,'Gen58','Biotic','Bacterial Blight'),(561,'Gen59','Biotic','Bacterial Blight'),(562,'Gen60','Biotic','Bacterial Blight'),(563,'Gen61','Biotic','Bacterial Blight'),(564,'Gen62','Biotic','Bacterial Blight'),(565,'Gen63','Biotic','Bacterial Blight'),(566,'Gen64','Biotic','Bacterial Blight'),(567,'Gen65','Biotic','Bacterial Blight'),(568,'Gen66','Biotic','Bacterial Blight'),(569,'Gen67','Biotic','Bacterial Blight'),(570,'Gen68','Biotic','Bacterial Blight'),(571,'Gen69','Biotic','Bacterial Blight'),(572,'Gen70','Biotic','Bacterial Blight'),(573,'Gen71','Biotic','Bacterial Blight'),(574,'Gen72','Biotic','Bacterial Blight'),(575,'Gen73','Biotic','Bacterial Blight'),(576,'Gen74','Biotic','Bacterial Blight'),(577,'Gen75','Biotic','Bacterial Blight'),(578,'Gen76','Biotic','Bacterial Blight'),(579,'Gen77','Biotic','Bacterial Blight'),(580,'Gen78','Biotic','Bacterial Blight'),(581,'Gen79','Biotic','Bacterial Blight'),(582,'Gen80','Biotic','Bacterial Blight'),(583,'Gen81','Biotic','Bacterial Blight'),(584,'Gen82','Biotic','Bacterial Blight'),(585,'Gen83','Biotic','Bacterial Blight'),(586,'Gen84','Biotic','Bacterial Blight'),(587,'Gen85','Biotic','Bacterial Blight'),(588,'Gen86','Biotic','Bacterial Blight'),(589,'Gen87','Biotic','Bacterial Blight'),(590,'Gen88','Biotic','Bacterial Blight'),(591,'Gen89','Biotic','Bacterial Blight'),(592,'Gen90','Biotic','Bacterial Blight'),(593,'Gen91','Biotic','Bacterial Blight'),(594,'Gen92','Biotic','Bacterial Blight'),(595,'Gen93','Biotic','Bacterial Blight'),(596,'Gen94','Biotic','Bacterial Blight'),(597,'Gen95','Biotic','Bacterial Blight'),(598,'Gen96','Biotic','Bacterial Blight'),(599,'Gen97','Biotic','Bacterial Blight'),(600,'Gen98','Biotic','Bacterial Blight'),(601,'Gen99','Biotic','Bacterial Blight'),(602,'Gen100','Biotic','Bacterial Blight'),(603,'Gen101','Biotic','Bacterial Blight'),(604,'Gen102','Biotic','Bacterial Blight'),(605,'Gen103','Biotic','Bacterial Blight'),(606,'Gen104','Biotic','Bacterial Blight'),(607,'Gen105','Biotic','Bacterial Blight'),(608,'Gen106','Biotic','Bacterial Blight'),(609,'Gen107','Biotic','Bacterial Blight'),(610,'Gen108','Biotic','Bacterial Blight'),(611,'Gen109','Biotic','Bacterial Blight'),(612,'Gen110','Biotic','Bacterial Blight'),(613,'Gen111','Biotic','Bacterial Blight'),(614,'Gen112','Biotic','Bacterial Blight'),(615,'Gen113','Biotic','Bacterial Blight'),(616,'Gen114','Biotic','Bacterial Blight'),(617,'Gen115','Biotic','Bacterial Blight'),(618,'Gen116','Biotic','Bacterial Blight'),(619,'Gen117','Biotic','Bacterial Blight'),(620,'Gen118','Biotic','Bacterial Blight'),(621,'Gen119','Biotic','Bacterial Blight'),(622,'Gen120','Biotic','Bacterial Blight'),(623,'Gen121','Biotic','Bacterial Blight'),(624,'Gen122','Biotic','Bacterial Blight'),(625,'Gen123','Biotic','Bacterial Blight'),(626,'Gen124','Biotic','Bacterial Blight'),(627,'Gen125','Biotic','Bacterial Blight'),(628,'Gen126','Biotic','Bacterial Blight'),(629,'Gen127','Biotic','Bacterial Blight'),(630,'Gen128','Biotic','Bacterial Blight'),(631,'Gen129','Biotic','Bacterial Blight'),(632,'Gen130','Biotic','Bacterial Blight'),(633,'Gen131','Biotic','Bacterial Blight'),(634,'Gen132','Biotic','Bacterial Blight'),(635,'Gen133','Biotic','Bacterial Blight'),(636,'Gen134','Biotic','Bacterial Blight'),(637,'Gen135','Biotic','Bacterial Blight'),(638,'Gen136','Biotic','Bacterial Blight'),(639,'Gen137','Biotic','Bacterial Blight'),(640,'Gen138','Biotic','Bacterial Blight'),(641,'Gen139','Biotic','Bacterial Blight'),(642,'Gen140','Biotic','Bacterial Blight'),(643,'Gen141','Biotic','Bacterial Blight'),(644,'Gen142','Biotic','Bacterial Blight'),(645,'Gen143','Biotic','Bacterial Blight'),(646,'Gen144','Biotic','Bacterial Blight'),(647,'Gen145','Biotic','Bacterial Blight'),(648,'Gen146','Biotic','Bacterial Blight'),(649,'Gen147','Biotic','Bacterial Blight'),(650,'Gen148','Biotic','Bacterial Blight'),(651,'Gen149','Biotic','Bacterial Blight'),(652,'Gen150','Biotic','Bacterial Blight'),(653,'Gen151','Biotic','Bacterial Blight'),(654,'Gen152','Biotic','Bacterial Blight'),(655,'Gen153','Biotic','Bacterial Blight'),(656,'Gen154','Biotic','Bacterial Blight'),(657,'Gen155','Biotic','Bacterial Blight'),(658,'Gen156','Biotic','Bacterial Blight'),(659,'Gen157','Biotic','Bacterial Blight'),(660,'Gen158','Biotic','Bacterial Blight'),(661,'Gen159','Biotic','Bacterial Blight'),(662,'Gen160','Biotic','Bacterial Blight'),(663,'Gen161','Biotic','Bacterial Blight'),(664,'Gen162','Biotic','Bacterial Blight'),(665,'Gen163','Biotic','Bacterial Blight'),(666,'Gen164','Biotic','Bacterial Blight'),(667,'Gen165','Biotic','Bacterial Blight'),(668,'Gen166','Biotic','Bacterial Blight'),(669,'Gen167','Biotic','Bacterial Blight'),(670,'Gen168','Biotic','Bacterial Blight'),(671,'Gen169','Biotic','Bacterial Blight'),(672,'Gen170','Biotic','Bacterial Blight'),(673,'Gen171','Biotic','Bacterial Blight'),(674,'Gen172','Biotic','Bacterial Blight'),(675,'Gen173','Biotic','Bacterial Blight'),(676,'Gen174','Biotic','Bacterial Blight'),(677,'Gen175','Biotic','Bacterial Blight'),(678,'Gen176','Biotic','Bacterial Blight'),(679,'Gen177','Biotic','Bacterial Blight'),(680,'Gen178','Biotic','Bacterial Blight'),(681,'Gen179','Biotic','Bacterial Blight'),(682,'Gen180','Biotic','Bacterial Blight'),(683,'Gen181','Biotic','Bacterial Blight'),(684,'Gen182','Biotic','Bacterial Blight'),(685,'Gen183','Biotic','Bacterial Blight'),(686,'Gen184','Biotic','Bacterial Blight'),(687,'Gen185','Biotic','Bacterial Blight'),(688,'Gen27','Biotic','Bacterial Blight'),(689,'Gen28','Biotic','Bacterial Blight'),(690,'Gen29','Biotic','Bacterial Blight'),(691,'Gen30','Biotic','Bacterial Blight'),(692,'Gen31','Biotic','Bacterial Blight'),(693,'Gen32','Biotic','Bacterial Blight'),(694,'Gen33','Biotic','Bacterial Blight'),(695,'Gen1','Grain Quality','Aroma'),(696,'Gen2','Grain Quality','Aroma'),(697,'Gen3','Grain Quality','Aroma'),(698,'Gen4','Grain Quality','Aroma'),(699,'Gen5','Grain Quality','Aroma'),(700,'Gen6','Grain Quality','Aroma'),(701,'Gen7','Grain Quality','Aroma'),(702,'Gen8','Grain Quality','Aroma'),(703,'Gen9','Grain Quality','Aroma'),(704,'Gen10','Grain Quality','Aroma'),(705,'Gen11','Grain Quality','Aroma'),(706,'Gen12','Grain Quality','Aroma'),(707,'Gen13','Grain Quality','Aroma'),(708,'Gen14','Grain Quality','Aroma'),(709,'Gen15','Grain Quality','Aroma'),(710,'Gen16','Grain Quality','Aroma'),(711,'Gen17','Grain Quality','Aroma'),(712,'Gen18','Grain Quality','High Zn'),(713,'Gen19','Grain Quality','High Zn'),(714,'Gen20','Grain Quality','High Zn'),(715,'Gen21','Grain Quality','High Zn'),(716,'Gen22','Grain Quality','High Zn'),(717,'Gen23','Grain Quality','High Zn'),(718,'Gen24','Grain Quality','High Zn'),(719,'Gen25','Grain Quality','High Zn'),(720,'Gen26','Grain Quality','High Zn'),(721,'Gen27','Grain Quality','High Zn'),(722,'Gen28','Grain Quality','High Zn'),(723,'Gen29','Grain Quality','High Zn'),(724,'Gen30','Grain Quality','High Zn'),(725,'Gen31','Grain Quality','High Zn'),(726,'Gen32','Grain Quality','High Zn'),(727,'Gen33','Grain Quality','High Zn'),(728,'Gen34','Grain Quality','High Zn'),(729,'Gen35','Grain Quality','High Zn'),(730,'Gen36','Grain Quality','High Zn'),(731,'Gen37','Grain Quality','High Zn'),(732,'Gen38','Grain Quality','High Zn'),(733,'Gen39','Grain Quality','High Zn'),(734,'Gen40','Grain Quality','High Zn'),(735,'Gen41','Grain Quality','High Zn'),(736,'Gen42','Grain Quality','High Zn'),(737,'Gen43','Grain Quality','High Zn'),(738,'Gen44','Grain Quality','High Zn'),(739,'Gen45','Grain Quality','High Zn'),(740,'Gen46','Grain Quality','High Zn'),(741,'Gen47','Grain Quality','High Zn'),(742,'Gen48','Grain Quality','High Zn'),(743,'Gen49','Grain Quality','High Zn'),(744,'Gen50','Grain Quality','High Zn'),(745,'Gen51','Grain Quality','High Zn'),(746,'Gen52','Grain Quality','High Zn'),(747,'Gen53','Grain Quality','High Zn'),(748,'Gen54','Grain Quality','High Zn'),(749,'Gen55','Grain Quality','High Zn'),(750,'Gen56','Grain Quality','High Zn'),(751,'Gen57','Grain Quality','High Zn'),(752,'Gen58','Grain Quality','High Zn'),(753,'Gen59','Grain Quality','High Zn'),(754,'Gen60','Grain Quality','High Zn'),(755,'Gen61','Grain Quality','High Zn'),(756,'Gen62','Grain Quality','High Zn'),(757,'Gen63','Grain Quality','High Zn'),(758,'Gen64','Grain Quality','High Zn'),(759,'Gen65','Grain Quality','High Zn'),(760,'Gen66','Grain Quality','High Zn'),(761,'Gen67','Grain Quality','High Zn'),(762,'Gen68','Grain Quality','High Zn'),(763,'Gen69','Grain Quality','High Zn'),(764,'Gen70','Grain Quality','High Zn'),(765,'Gen71','Grain Quality','High Zn'),(766,'Gen72','Grain Quality','High Zn'),(767,'Gen73','Grain Quality','High Zn'),(768,'Gen74','Grain Quality','High Zn'),(769,'Gen75','Grain Quality','High Zn'),(770,'Gen76','Grain Quality','High Fe'),(771,'Gen77','Grain Quality','High Fe'),(772,'Gen78','Grain Quality','High Fe'),(773,'Gen79','Grain Quality','High Fe'),(774,'Gen80','Grain Quality','High Fe'),(775,'Gen81','Grain Quality','High Fe'),(776,'Gen82','Grain Quality','High Fe'),(777,'Gen83','Grain Quality','High Fe'),(778,'Gen84','Grain Quality','High Fe'),(779,'Gen85','Grain Quality','High Fe'),(780,'Gen86','Grain Quality','High Fe'),(781,'Gen87','Grain Quality','High Fe'),(782,'Gen88','Grain Quality','High Fe'),(783,'Gen89','Grain Quality','High Fe'),(784,'Gen90','Grain Quality','High Fe'),(785,'Gen91','Grain Quality','High Fe'),(786,'Gen92','Grain Quality','High Fe'),(787,'Gen93','Grain Quality','High Fe'),(788,'Gen94','Grain Quality','High Fe'),(789,'Gen95','Grain Quality','High Fe'),(790,'Gen96','Grain Quality','High Fe'),(791,'Gen97','Grain Quality','High Fe'),(792,'Gen98','Grain Quality','High Fe'),(793,'Gen99','Grain Quality','High Fe'),(794,'Gen100','Grain Quality','High Fe'),(795,'Gen101','Grain Quality','High Fe'),(796,'Gen102','Grain Quality','High Fe'),(797,'Gen103','Grain Quality','High Fe'),(798,'Gen104','Grain Quality','High Fe'),(799,'Gen105','Grain Quality','High Fe'),(800,'Gen106','Grain Quality','High Fe'),(801,'Gen107','Grain Quality','High Fe'),(802,'Gen108','Grain Quality','High Fe'),(803,'Gen109','Grain Quality','High Fe'),(804,'Gen110','Grain Quality','High Fe'),(805,'Gen111','Grain Quality','High Fe'),(806,'Gen112','Grain Quality','High Fe'),(807,'Gen113','Grain Quality','High Fe'),(808,'Gen114','Grain Quality','High Fe'),(809,'Gen115','Grain Quality','High Fe'),(810,'Gen116','Grain Quality','High Fe'),(811,'Gen117','Grain Quality','High Fe'),(812,'Gen118','Grain Quality','High Fe'),(813,'Gen119','Grain Quality','High Fe'),(814,'Gen120','Grain Quality','High Fe'),(815,'Gen121','Grain Quality','High Fe'),(816,'Gen122','Grain Quality','High Fe'),(817,'Gen123','Grain Quality','High Fe'),(818,'Gen124','Grain Quality','High Fe'),(819,'Gen125','Grain Quality','High Fe'),(820,'Gen126','Grain Quality','High Fe'),(821,'Gen127','Grain Quality','High Fe'),(822,'Gen128','Grain Quality','High Fe'),(823,'Gen129','Grain Quality','High Fe'),(824,'Gen130','Grain Quality','High Fe'),(825,'Gen131','Grain Quality','High Fe'),(826,'Gen132','Grain Quality','High Fe'),(827,'Gen133','Grain Quality','High Fe'),(828,'Gen134','Grain Quality','High Fe'),(829,'Gen135','Grain Quality','High Fe'),(830,'Gen136','Grain Quality','High Fe'),(831,'Gen137','Grain Quality','High Fe'),(832,'Gen138','Grain Quality','High Fe'),(833,'Gen139','Grain Quality','High Fe'),(834,'Gen140','Grain Quality','High Fe'),(835,'Gen141','Grain Quality','High Fe'),(836,'Gen142','Grain Quality','High Fe'),(837,'Gen143','Grain Quality','High Fe'),(838,'Gen144','Grain Quality','High Fe'),(839,'Gen145','Grain Quality','High Fe'),(840,'Gen146','Grain Quality','High Fe'),(841,'Gen147','Grain Quality','High Fe'),(842,'Gen148','Grain Quality','High Fe'),(843,'Gen149','Grain Quality','High Fe'),(844,'Gen150','Grain Quality','High Fe'),(845,'Gen151','Grain Quality','High Fe'),(846,'Gen152','Grain Quality','High Fe'),(847,'Gen153','Grain Quality','High Fe'),(848,'Gen154','Grain Quality','High Fe'),(849,'Gen155','Grain Quality','High Fe'),(850,'Gen156','Grain Quality','High Fe'),(851,'Gen157','Grain Quality','High Fe'),(852,'Gen158','Grain Quality','High Fe'),(853,'Gen159','Grain Quality','High Fe'),(854,'Gen160','Grain Quality','High Fe'),(855,'Gen161','Grain Quality','High Fe'),(856,'Gen162','Grain Quality','High Fe'),(857,'Gen163','Grain Quality','High Fe'),(858,'Gen164','Grain Quality','High Fe'),(859,'Gen165','Grain Quality','High Fe'),(860,'Gen166','Grain Quality','High Fe'),(861,'Gen167','Grain Quality','High Fe'),(862,'Gen168','Grain Quality','High Fe'),(863,'Gen169','Grain Quality','High Fe'),(864,'Gen170','Grain Quality','High Fe'),(865,'Gen171','Grain Quality','High Fe'),(866,'Gen172','Grain Quality','High Fe'),(867,'Gen173','Grain Quality','High Fe'),(868,'Gen174','Grain Quality','High Fe'),(869,'Gen175','Grain Quality','High Fe'),(870,'Gen176','Grain Quality','High Fe'),(871,'Gen177','Grain Quality','High Fe'),(872,'Gen178','Grain Quality','High Fe'),(873,'Gen179','Grain Quality','High Fe'),(874,'Gen180','Grain Quality','High Fe'),(875,'Gen181','Grain Quality','High Fe'),(876,'Gen182','Grain Quality','High Fe'),(877,'Gen183','Grain Quality','High Fe'),(878,'Gen184','Grain Quality','High Fe'),(879,'Gen185','Grain Quality','High Fe'),(880,'Gen186','Grain Quality','High Fe'),(881,'Gen187','Grain Quality','High Fe'),(882,'Gen188','Grain Quality','High Fe'),(883,'Gen189','Grain Quality','High Fe'),(884,'Gen190','Grain Quality','High Fe'),(885,'Gen191','Grain Quality','High Fe'),(886,'Gen192','Grain Quality','High Fe'),(887,'Gen193','Grain Quality','High Fe'),(888,'Gen194','Grain Quality','High Fe'),(889,'Gen195','Grain Quality','High Fe'),(890,'Gen196','Grain Quality','High Fe'),(891,'Gen197','Grain Quality','High Fe'),(892,'Gen198','Grain Quality','High Fe'),(893,'Gen199','Grain Quality','High Fe'),(894,'Gen200','Grain Quality','High Fe'),(895,'Gen46','Grain Quality','High Fe'),(896,'Gen47','Grain Quality','High Fe'),(897,'Gen48','Grain Quality','High Fe'),(898,'Gen49','Grain Quality','High Fe'),(899,'Gen50','Grain Quality','High Fe'),(900,'Gen51','Grain Quality','High Fe'),(901,'Gen52','Grain Quality','High Fe'),(902,'Gen53','Grain Quality','High Fe'),(903,'Gen54','Grain Quality','High Fe'),(904,'Gen55','Grain Quality','High Fe'),(905,'Gen56','Grain Quality','High Fe'),(906,'Gen57','Grain Quality','High Fe'),(907,'Gen58','Grain Quality','High Fe'),(908,'Gen59','Grain Quality','High Fe'),(909,'Gen60','Grain Quality','High Fe'),(910,'Gen61','Grain Quality','High Fe'),(911,'Gen62','Grain Quality','High Fe'),(912,'Gen63','Grain Quality','High Fe'),(913,'Gen64','Grain Quality','High Fe'),(914,'Gen65','Grain Quality','High Fe'),(915,'Gen66','Grain Quality','High Fe'),(916,'Gen67','Grain Quality','High Fe'),(917,'Gen68','Grain Quality','High Fe'),(918,'Gen69','Grain Quality','High Fe'),(919,'Gen70','Grain Quality','High Fe'),(920,'Gen71','Grain Quality','High Fe'),(921,'Gen72','Grain Quality','High Fe'),(922,'Gen73','Grain Quality','High Fe'),(923,'Gen74','Grain Quality','High Fe'),(924,'Gen75','Grain Quality','High Fe'),(925,'Gen76','Grain Quality','High Fe'),(926,'Gen77','Grain Quality','High Fe'),(927,'Gen78','Grain Quality','High Fe'),(928,'Gen79','Grain Quality','High Fe'),(929,'Gen80','Grain Quality','High Fe'),(930,'Gen81','Grain Quality','High Fe'),(931,'Gen82','Grain Quality','High Fe'),(932,'Gen83','Grain Quality','High Fe'),(933,'Gen84','Grain Quality','High Fe'),(934,'Gen85','Grain Quality','High Fe'),(935,'Gen86','Grain Quality','High Fe'),(936,'Gen87','Grain Quality','High Fe'),(937,'Gen88','Grain Quality','High Fe'),(938,'Gen89','Grain Quality','High Fe'),(939,'Gen90','Grain Quality','High Fe'),(940,'Gen91','Grain Quality','High Fe'),(941,'Gen92','Grain Quality','High Fe'),(942,'Gen93','Grain Quality','High Fe'),(943,'Gen94','Grain Quality','High Fe'),(944,'Gen95','Grain Quality','High Fe'),(945,'Gen96','Grain Quality','High Fe'),(946,'Gen97','Grain Quality','High Fe'),(947,'Gen98','Grain Quality','High Fe'),(948,'Gen99','Grain Quality','High Fe'),(949,'Gen100','Grain Quality','High Fe'),(950,'Gen101','Grain Quality','High Fe'),(951,'Gen102','Grain Quality','High Fe'),(952,'Gen103','Grain Quality','High Fe'),(953,'Gen104','Grain Quality','High Fe'),(954,'Gen105','Grain Quality','High Fe'),(955,'Gen106','Grain Quality','High Fe'),(956,'Gen107','Grain Quality','High Fe'),(957,'Gen108','Grain Quality','High Fe'),(958,'Gen109','Grain Quality','High Fe'),(959,'Gen110','Grain Quality','High Fe'),(960,'Gen111','Grain Quality','High Fe'),(961,'Gen112','Grain Quality','High Fe'),(962,'Gen113','Grain Quality','High Fe'),(963,'Gen114','Grain Quality','High Fe'),(964,'Gen115','Grain Quality','High Fe'),(965,'Gen116','Grain Quality','High Fe'),(966,'Gen117','Grain Quality','High Fe'),(967,'Gen118','Grain Quality','High Fe'),(968,'Gen119','Grain Quality','High Fe'),(969,'Gen120','Grain Quality','High Fe'),(970,'Gen121','Grain Quality','High Fe'),(971,'Gen122','Grain Quality','High Fe'),(972,'Gen123','Grain Quality','High Fe'),(973,'Gen124','Grain Quality','High Fe'),(974,'Gen125','Grain Quality','High Fe'),(975,'Gen126','Grain Quality','High Fe'),(976,'Gen127','Grain Quality','High Fe'),(977,'Gen128','Grain Quality','High Fe'),(978,'Gen129','Grain Quality','High Fe'),(979,'Gen130','Grain Quality','High Fe'),(980,'Gen131','Grain Quality','High Fe'),(981,'Gen132','Grain Quality','High Fe'),(982,'Gen133','Grain Quality','High Fe'),(983,'Gen134','Grain Quality','High Fe'),(984,'Gen135','Grain Quality','High Fe'),(985,'Gen136','Grain Quality','High Fe'),(986,'Gen137','Grain Quality','High Fe'),(987,'Gen138','Grain Quality','High Fe'),(988,'Gen139','Grain Quality','Low Chalkiness'),(989,'Gen140','Grain Quality','Low Chalkiness'),(990,'Gen141','Grain Quality','Low Chalkiness'),(991,'Gen142','Grain Quality','Low Chalkiness'),(992,'Gen143','Grain Quality','Low Chalkiness'),(993,'Gen144','Grain Quality','Low Chalkiness'),(994,'Gen145','Grain Quality','Low Chalkiness'),(995,'Gen146','Grain Quality','Low Chalkiness'),(996,'Gen147','Grain Quality','Low Chalkiness'),(997,'Gen148','Grain Quality','Low Chalkiness'),(998,'Gen149','Grain Quality','Low Chalkiness'),(999,'Gen150','Grain Quality','Low Chalkiness'),(1000,'Gen151','Grain Quality','Low Chalkiness'),(1001,'Gen152','Grain Quality','Low Chalkiness'),(1002,'Gen153','Grain Quality','Low Chalkiness'),(1003,'Gen154','Grain Quality','Low Chalkiness'),(1004,'Gen155','Grain Quality','Low Chalkiness'),(1005,'Gen156','Grain Quality','Low Chalkiness'),(1006,'Gen157','Grain Quality','Low Chalkiness'),(1007,'Gen158','Grain Quality','Low Chalkiness'),(1008,'Gen159','Grain Quality','Low Chalkiness'),(1009,'Gen160','Grain Quality','Low Chalkiness'),(1010,'Gen161','Grain Quality','Low Chalkiness'),(1011,'Gen162','Grain Quality','Low Chalkiness'),(1012,'Gen163','Grain Quality','Low Chalkiness'),(1013,'Gen164','Grain Quality','Low Chalkiness'),(1014,'Gen165','Grain Quality','Low Chalkiness'),(1015,'Gen166','Grain Quality','Low Chalkiness'),(1016,'Gen167','Grain Quality','Low Chalkiness'),(1017,'Gen168','Grain Quality','Low Chalkiness'),(1018,'Gen169','Grain Quality','Low Chalkiness'),(1019,'Gen170','Grain Quality','Low Chalkiness'),(1020,'Gen171','Grain Quality','Low Chalkiness'),(1021,'Gen172','Grain Quality','Low Chalkiness'),(1022,'Gen173','Grain Quality','Low Chalkiness'),(1023,'Gen174','Grain Quality','Low Chalkiness'),(1024,'Gen175','Grain Quality','Low Chalkiness'),(1025,'Gen176','Grain Quality','Low Chalkiness'),(1026,'Gen177','Grain Quality','Low Chalkiness'),(1027,'Gen178','Grain Quality','Low Chalkiness'),(1028,'Gen179','Grain Quality','Low Chalkiness'),(1029,'Gen180','Grain Quality','Low Chalkiness'),(1030,'Gen181','Grain Quality','Low Chalkiness'),(1031,'Gen182','Grain Quality','Low Chalkiness'),(1032,'Gen183','Grain Quality','Low Chalkiness'),(1033,'Gen184','Grain Quality','Low Chalkiness'),(1034,'Gen185','Grain Quality','Low Chalkiness'),(1035,'Gen27','Grain Quality','Low Chalkiness'),(1036,'Gen28','Grain Quality','Low Chalkiness'),(1037,'Gen29','Grain Quality','Low Chalkiness'),(1038,'Gen30','Grain Quality','Low Chalkiness'),(1039,'Gen31','Grain Quality','Low Chalkiness'),(1040,'Gen32','Grain Quality','Low Chalkiness'),(1041,'Gen33','Grain Quality','Low Chalkiness'),(1042,'Gen1','MajorGenes','Sub1'),(1043,'Gen2','MajorGenes','Sub1'),(1044,'Gen3','MajorGenes','Sub1'),(1045,'Gen4','MajorGenes','Sub1'),(1046,'Gen5','MajorGenes','Sub1'),(1047,'Gen6','MajorGenes','Sub1'),(1048,'Gen7','MajorGenes','Sub1'),(1049,'Gen8','MajorGenes','Sub1'),(1050,'Gen9','MajorGenes','Sub1'),(1051,'Gen10','MajorGenes','Sub1'),(1052,'Gen11','MajorGenes','Sub1'),(1053,'Gen12','MajorGenes','Sub1'),(1054,'Gen13','MajorGenes','Sub1'),(1055,'Gen14','MajorGenes','Sub1'),(1056,'Gen15','MajorGenes','Sub1'),(1057,'Gen16','MajorGenes','Sub1'),(1058,'Gen17','MajorGenes','Sub1'),(1059,'Gen18','MajorGenes','Sub1'),(1060,'Gen19','MajorGenes','Sub1'),(1061,'Gen20','MajorGenes','Sub1'),(1062,'Gen21','MajorGenes','Sub1'),(1063,'Gen22','MajorGenes','Sub1'),(1064,'Gen23','MajorGenes','Sub1'),(1065,'Gen24','MajorGenes','Sub1'),(1066,'Gen25','MajorGenes','Sub1'),(1067,'Gen26','MajorGenes','Sub1'),(1068,'Gen27','MajorGenes','Ag1'),(1069,'Gen28','MajorGenes','Ag1'),(1070,'Gen29','MajorGenes','Ag1'),(1071,'Gen30','MajorGenes','Ag1'),(1072,'Gen31','MajorGenes','Ag1'),(1073,'Gen32','MajorGenes','Ag1'),(1074,'Gen33','MajorGenes','Ag1'),(1075,'Gen34','MajorGenes','Ag1'),(1076,'Gen35','MajorGenes','Ag1'),(1077,'Gen36','MajorGenes','Ag1'),(1078,'Gen37','MajorGenes','Ag1'),(1079,'Gen38','MajorGenes','Ag1'),(1080,'Gen39','MajorGenes','Ag1'),(1081,'Gen40','MajorGenes','Ag1'),(1082,'Gen41','MajorGenes','Ag1'),(1083,'Gen42','MajorGenes','Ag1'),(1084,'Gen43','MajorGenes','Ag1'),(1085,'Gen44','MajorGenes','Ag1'),(1086,'Gen45','MajorGenes','Ag1'),(1087,'Gen46','MajorGenes','Ag1'),(1088,'Gen47','MajorGenes','Ag1'),(1089,'Gen48','MajorGenes','Ag1'),(1090,'Gen49','MajorGenes','Ag1'),(1091,'Gen50','MajorGenes','Ag1'),(1092,'Gen51','MajorGenes','Ag1'),(1093,'Gen52','MajorGenes','Ag1'),(1094,'Gen53','MajorGenes','Ag1'),(1095,'Gen54','MajorGenes','Ag1'),(1096,'Gen55','MajorGenes','Ag1'),(1097,'Gen56','MajorGenes','Ag1'),(1098,'Gen57','MajorGenes','Ag1'),(1099,'Gen58','MajorGenes','Ag1'),(1100,'Gen59','MajorGenes','Ag1'),(1101,'Gen60','MajorGenes','Ag1'),(1102,'Gen61','MajorGenes','Pop1'),(1103,'Gen62','MajorGenes','Pop1'),(1104,'Gen63','MajorGenes','Pop1'),(1105,'Gen64','MajorGenes','Pop1'),(1106,'Gen65','MajorGenes','Pop1'),(1107,'Gen66','MajorGenes','Pop1'),(1108,'Gen67','MajorGenes','Pop1'),(1109,'Gen68','MajorGenes','Pop1'),(1110,'Gen69','MajorGenes','Pop1'),(1111,'Gen70','MajorGenes','Pop1'),(1112,'Gen71','MajorGenes','Pop1'),(1113,'Gen72','MajorGenes','Pop1'),(1114,'Gen73','MajorGenes','Pop1'),(1115,'Gen74','MajorGenes','Pop1'),(1116,'Gen75','MajorGenes','Pop1'),(1117,'Gen76','MajorGenes','Pop1'),(1118,'Gen77','MajorGenes','Pop1'),(1119,'Gen78','MajorGenes','Pop1'),(1120,'Gen79','MajorGenes','Pop1'),(1121,'Gen80','MajorGenes','Pop1'),(1122,'Gen81','MajorGenes','Pop1'),(1123,'Gen82','MajorGenes','Pop1'),(1124,'Gen83','MajorGenes','Pop1'),(1125,'Gen84','MajorGenes','Pop1'),(1126,'Gen85','MajorGenes','Pop1'),(1127,'Gen86','MajorGenes','Pop1'),(1128,'Gen87','MajorGenes','Pop1'),(1129,'Gen88','MajorGenes','Pop1'),(1130,'Gen89','MajorGenes','Pop1'),(1131,'Gen90','MajorGenes','Pop1'),(1132,'Gen91','MajorGenes','Pop1'),(1133,'Gen92','MajorGenes','Pop1'),(1134,'Gen93','MajorGenes','Pop1'),(1135,'Gen94','MajorGenes','Pop1'),(1136,'Gen95','MajorGenes','Pop1'),(1137,'Gen96','MajorGenes','Pop1'),(1138,'Gen97','MajorGenes','Pop1'),(1139,'Gen98','MajorGenes','Pop1'),(1140,'Gen99','MajorGenes','Pop1'),(1141,'Gen100','MajorGenes','Pop1'),(1142,'Gen101','MajorGenes','Pop1'),(1143,'Gen102','MajorGenes','Pop1'),(1144,'Gen103','MajorGenes','Pop1'),(1145,'Gen104','MajorGenes','Pop1'),(1146,'Gen105','MajorGenes','Pop1'),(1147,'Gen106','MajorGenes','Pop1'),(1148,'Gen107','MajorGenes','Pop1'),(1149,'Gen108','MajorGenes','Pop1'),(1150,'Gen109','MajorGenes','Pop1'),(1151,'Gen110','MajorGenes','Pop1'),(1152,'Gen111','MajorGenes','Pop1'),(1153,'Gen112','MajorGenes','Pop1'),(1154,'Gen113','MajorGenes','Pop1'),(1155,'Gen114','MajorGenes','Pop1'),(1156,'Gen115','MajorGenes','Pop1'),(1157,'Gen116','MajorGenes','Pop1'),(1158,'Gen117','MajorGenes','Pop1'),(1159,'Gen118','MajorGenes','Pop1'),(1160,'Gen119','MajorGenes','Pop1'),(1161,'Gen120','MajorGenes','Pop1'),(1162,'Gen121','MajorGenes','Pop1'),(1163,'Gen122','MajorGenes','Pop1'),(1164,'Gen123','MajorGenes','Pop1'),(1165,'Gen124','MajorGenes','Pop1'),(1166,'Gen125','MajorGenes','Pop1'),(1167,'Gen126','MajorGenes','Pop1'),(1168,'Gen127','MajorGenes','Salt1'),(1169,'Gen128','MajorGenes','Salt1'),(1170,'Gen129','MajorGenes','Salt1'),(1171,'Gen130','MajorGenes','Salt1'),(1172,'Gen131','MajorGenes','Salt1'),(1173,'Gen132','MajorGenes','Salt1'),(1174,'Gen133','MajorGenes','Salt1'),(1175,'Gen134','MajorGenes','Salt1'),(1176,'Gen135','MajorGenes','Salt1'),(1177,'Gen136','MajorGenes','Salt1'),(1178,'Gen137','MajorGenes','Salt1'),(1179,'Gen138','MajorGenes','Salt1'),(1180,'Gen139','MajorGenes','Salt1'),(1181,'Gen140','MajorGenes','Salt1'),(1182,'Gen141','MajorGenes','Salt1'),(1183,'Gen142','MajorGenes','Salt1'),(1184,'Gen143','MajorGenes','Salt1'),(1185,'Gen144','MajorGenes','Salt1'),(1186,'Gen145','MajorGenes','Salt1'),(1187,'Gen146','MajorGenes','Salt1'),(1188,'Gen147','MajorGenes','Salt1'),(1189,'Gen148','MajorGenes','Salt1'),(1190,'Gen149','MajorGenes','Salt1'),(1191,'Gen150','MajorGenes','Salt1'),(1192,'Gen151','MajorGenes','Salt1'),(1193,'Gen152','MajorGenes','Salt1'),(1194,'Gen153','MajorGenes','Salt1'),(1195,'Gen154','MajorGenes','Salt1'),(1196,'Gen155','MajorGenes','Salt1'),(1197,'Gen156','MajorGenes','Salt1'),(1198,'Gen157','MajorGenes','Salt1'),(1199,'Gen158','MajorGenes','Salt1'),(1200,'Gen159','MajorGenes','Salt1'),(1201,'Gen160','MajorGenes','Salt1'),(1202,'Gen161','MajorGenes','Salt1'),(1203,'Gen162','MajorGenes','Salt1'),(1204,'Gen163','MajorGenes','Salt1'),(1205,'Gen164','MajorGenes','Salt1'),(1206,'Gen165','MajorGenes','Salt1'),(1207,'Gen166','MajorGenes','Salt1'),(1208,'Gen167','MajorGenes','Salt1'),(1209,'Gen168','MajorGenes','Salt1'),(1210,'Gen169','MajorGenes','Salt1'),(1211,'Gen170','MajorGenes','Salt1'),(1212,'Gen171','MajorGenes','Salt1'),(1213,'Gen172','MajorGenes','Salt1'),(1214,'Gen173','MajorGenes','Salt1'),(1215,'Gen174','MajorGenes','Salt1'),(1216,'Gen175','MajorGenes','Salt1'),(1217,'Gen176','MajorGenes','Salt1'),(1218,'Gen177','MajorGenes','Salt1'),(1219,'Gen178','MajorGenes','Salt1'),(1220,'Gen179','MajorGenes','Salt1'),(1221,'Gen180','MajorGenes','Salt1'),(1222,'Gen181','MajorGenes','Salt1'),(1223,'Gen182','MajorGenes','Salt1'),(1224,'Gen183','MajorGenes','Salt1'),(1225,'Gen184','MajorGenes','Salt1'),(1226,'Gen185','MajorGenes','Salt1'),(1227,'Gen186','MajorGenes','Salt1'),(1228,'Gen187','MajorGenes','Salt1'),(1229,'Gen188','MajorGenes','Salt1'),(1230,'Gen189','MajorGenes','Salt1'),(1231,'Gen190','MajorGenes','Salt1'),(1232,'Gen191','MajorGenes','Salt1'),(1233,'Gen192','MajorGenes','Salt1'),(1234,'Gen193','MajorGenes','Salt1'),(1235,'Gen194','MajorGenes','Salt1'),(1236,'Gen195','MajorGenes','Salt1'),(1237,'Gen196','MajorGenes','Salt1'),(1238,'Gen197','MajorGenes','Salt1'),(1239,'Gen198','MajorGenes','Salt1'),(1240,'Gen199','MajorGenes','Salt1'),(1241,'Gen200','MajorGenes','Salt1'),(1242,'Gen46','MajorGenes','Salt1'),(1243,'Gen47','MajorGenes','Salt1'),(1244,'Gen48','MajorGenes','Salt1'),(1245,'Gen49','MajorGenes','Salt1'),(1246,'Gen50','MajorGenes','Salt1'),(1247,'Gen51','MajorGenes','Salt1'),(1248,'Gen52','MajorGenes','Salt1'),(1249,'Gen53','MajorGenes','Salt1'),(1250,'Gen54','MajorGenes','Salt1'),(1251,'Gen55','MajorGenes','Salt1'),(1252,'Gen56','MajorGenes','Salt1'),(1253,'Gen57','MajorGenes','Salt1'),(1254,'Gen58','MajorGenes','Salt1'),(1255,'Gen59','MajorGenes','Salt1'),(1256,'Gen60','MajorGenes','Salt1'),(1257,'Gen61','MajorGenes','Salt1'),(1258,'Gen62','MajorGenes','Salt1'),(1259,'Gen63','MajorGenes','Salt1'),(1260,'Gen64','MajorGenes','Salt1'),(1261,'Gen65','MajorGenes','Salt1'),(1262,'Gen66','MajorGenes','Salt1'),(1263,'Gen67','MajorGenes','Salt1'),(1264,'Gen68','MajorGenes','Salt1'),(1265,'Gen69','MajorGenes','Salt1'),(1266,'Gen70','MajorGenes','Salt1'),(1267,'Gen71','MajorGenes','Salt1'),(1268,'Gen72','MajorGenes','Salt1'),(1269,'Gen73','MajorGenes','Salt1'),(1270,'Gen74','MajorGenes','Salt1'),(1271,'Gen75','MajorGenes','Salt1'),(1272,'Gen76','MajorGenes','Salt1'),(1273,'Gen77','MajorGenes','Salt1'),(1274,'Gen78','MajorGenes','Salt1'),(1275,'Gen79','MajorGenes','Salt1'),(1276,'Gen80','MajorGenes','Salt1'),(1277,'Gen81','MajorGenes','Salt1'),(1278,'Gen82','MajorGenes','Salt1'),(1279,'Gen83','MajorGenes','Salt1'),(1280,'Gen84','MajorGenes','Salt1'),(1281,'Gen85','MajorGenes','Salt1'),(1282,'Gen86','MajorGenes','Salt1'),(1283,'Gen87','MajorGenes','Salt1'),(1284,'Gen88','MajorGenes','Salt1'),(1285,'Gen89','MajorGenes','Salt1'),(1286,'Gen90','MajorGenes','Salt1'),(1287,'Gen91','MajorGenes','Salt1'),(1288,'Gen92','MajorGenes','Salt1'),(1289,'Gen93','MajorGenes','DT1'),(1290,'Gen94','MajorGenes','DT1'),(1291,'Gen95','MajorGenes','DT1'),(1292,'Gen96','MajorGenes','DT1'),(1293,'Gen97','MajorGenes','DT1'),(1294,'Gen98','MajorGenes','DT1'),(1295,'Gen99','MajorGenes','DT1'),(1296,'Gen100','MajorGenes','DT1'),(1297,'Gen101','MajorGenes','DT1'),(1298,'Gen102','MajorGenes','DT1'),(1299,'Gen103','MajorGenes','DT1'),(1300,'Gen104','MajorGenes','DT1'),(1301,'Gen105','MajorGenes','DT1'),(1302,'Gen106','MajorGenes','DT1'),(1303,'Gen107','MajorGenes','DT1'),(1304,'Gen108','MajorGenes','DT1'),(1305,'Gen109','MajorGenes','DT1'),(1306,'Gen110','MajorGenes','DT1'),(1307,'Gen111','MajorGenes','DT1'),(1308,'Gen112','MajorGenes','DT1'),(1309,'Gen113','MajorGenes','DT1'),(1310,'Gen114','MajorGenes','DT1'),(1311,'Gen115','MajorGenes','DT1'),(1312,'Gen116','MajorGenes','DT1'),(1313,'Gen117','MajorGenes','DT1'),(1314,'Gen118','MajorGenes','DT1'),(1315,'Gen119','MajorGenes','DT1'),(1316,'Gen120','MajorGenes','DT1'),(1317,'Gen121','MajorGenes','DT1'),(1318,'Gen122','MajorGenes','DT1'),(1319,'Gen123','MajorGenes','DT1'),(1320,'Gen124','MajorGenes','DT1'),(1321,'Gen125','MajorGenes','DT1'),(1322,'Gen126','MajorGenes','DT1'),(1323,'Gen127','MajorGenes','DT1'),(1324,'Gen128','MajorGenes','DT1'),(1325,'Gen129','MajorGenes','DT1'),(1326,'Gen130','MajorGenes','DT1'),(1327,'Gen131','MajorGenes','DT1'),(1328,'Gen132','MajorGenes','DT1'),(1329,'Gen133','MajorGenes','DT1'),(1330,'Gen134','MajorGenes','DT1'),(1331,'Gen135','MajorGenes','DT1'),(1332,'Gen136','MajorGenes','DT1'),(1333,'Gen137','MajorGenes','DT1'),(1334,'Gen138','MajorGenes','DT1'),(1335,'Gen139','MajorGenes','DT1'),(1336,'Gen140','MajorGenes','DT1'),(1337,'Gen141','MajorGenes','DT1'),(1338,'Gen142','MajorGenes','DT1'),(1339,'Gen143','MajorGenes','DT1'),(1340,'Gen144','MajorGenes','DT1'),(1341,'Gen145','MajorGenes','DT1'),(1342,'Gen146','MajorGenes','DT1'),(1343,'Gen147','MajorGenes','DT1'),(1344,'Gen148','MajorGenes','DT1'),(1345,'Gen149','MajorGenes','DT1'),(1346,'Gen150','MajorGenes','DT1'),(1347,'Gen151','MajorGenes','DT1'),(1348,'Gen152','MajorGenes','DT1'),(1349,'Gen153','MajorGenes','DT1'),(1350,'Gen154','MajorGenes','DT1'),(1351,'Gen155','MajorGenes','DT1'),(1352,'Gen156','MajorGenes','DT1'),(1353,'Gen157','MajorGenes','DT1'),(1354,'Gen158','MajorGenes','DT1'),(1355,'Gen159','MajorGenes','DT1'),(1356,'Gen160','MajorGenes','DT1'),(1357,'Gen161','MajorGenes','DT1'),(1358,'Gen162','MajorGenes','DT1'),(1359,'Gen163','MajorGenes','DT1'),(1360,'Gen164','MajorGenes','DT1'),(1361,'Gen165','MajorGenes','DT1'),(1362,'Gen166','MajorGenes','DT1'),(1363,'Gen167','MajorGenes','DT1'),(1364,'Gen168','MajorGenes','DT1'),(1365,'Gen169','MajorGenes','DT1'),(1366,'Gen170','MajorGenes','DT1'),(1367,'Gen171','MajorGenes','DT1'),(1368,'Gen172','MajorGenes','DT1'),(1369,'Gen173','MajorGenes','DT1'),(1370,'Gen174','MajorGenes','DT1'),(1371,'Gen175','MajorGenes','DT1'),(1372,'Gen176','MajorGenes','DT1'),(1373,'Gen177','MajorGenes','DT1'),(1374,'Gen178','MajorGenes','DT1'),(1375,'Gen179','MajorGenes','DT1'),(1376,'Gen180','MajorGenes','DT1'),(1377,'Gen181','MajorGenes','DT1'),(1378,'Gen182','MajorGenes','DT1'),(1379,'Gen183','MajorGenes','DT1'),(1380,'Gen184','MajorGenes','DT1'),(1381,'Gen185','MajorGenes','DT1'),(1382,'Gen27','MajorGenes','DT1'),(1383,'Gen28','MajorGenes','DT1'),(1384,'Gen29','MajorGenes','DT1'),(1385,'Gen30','MajorGenes','DT1'),(1386,'Gen31','MajorGenes','DT1'),(1387,'Gen32','MajorGenes','DT1'),(1388,'Gen33','MajorGenes','DT1');

/*Table structure for table `germplasmreleaseinfo` */

DROP TABLE IF EXISTS `germplasmreleaseinfo`;

CREATE TABLE `germplasmreleaseinfo` (
  `id` int(10) NOT NULL AUTO_INCREMENT,
  `germplasmname` varchar(50) DEFAULT NULL,
  `attribute` varchar(50) DEFAULT NULL,
  `value` varchar(100) DEFAULT NULL,
  PRIMARY KEY (`id`)
) ENGINE=InnoDB DEFAULT CHARSET=latin1;

/*Data for the table `germplasmreleaseinfo` */

/*Table structure for table `germplasmtype` */

DROP TABLE IF EXISTS `germplasmtype`;

CREATE TABLE `germplasmtype` (
  `id` int(10) NOT NULL AUTO_INCREMENT,
  `germplasmtype` varchar(20) DEFAULT NULL,
  `description` varchar(50) DEFAULT NULL,
  PRIMARY KEY (`id`)
) ENGINE=InnoDB AUTO_INCREMENT=10 DEFAULT CHARSET=latin1;

/*Data for the table `germplasmtype` */

insert  into `germplasmtype`(`id`,`germplasmtype`,`description`) values (1,'Variety','Release'),(2,'Advance line','Highly homozygous line'),(3,'Pyramided line','More than one know genes'),(4,'RIL','From a biparental cross'),(5,'MRIL','From a multiparental cross'),(6,'NIL','With one known gene'),(7,'IL','Introgression line'),(8,'SSSL','Introgression line with a single chromosome segmen'),(9,'DH','From a biparental cross');

/*Table structure for table `location` */

DROP TABLE IF EXISTS `location`;

CREATE TABLE `location` (
  `id` int(10) NOT NULL AUTO_INCREMENT,
  `locationname` varchar(100) DEFAULT NULL,
  `country` varchar(50) DEFAULT NULL,
  `province` varchar(100) DEFAULT NULL,
  `region` varchar(100) DEFAULT NULL,
  `altitude` varchar(50) DEFAULT NULL,
  `latitude` varchar(50) DEFAULT NULL,
  `weatherstation` varchar(50) DEFAULT NULL,
  `userid` int(50) DEFAULT NULL,
  PRIMARY KEY (`id`)
) ENGINE=InnoDB AUTO_INCREMENT=41 DEFAULT CHARSET=latin1;

/*Data for the table `location` */

insert  into `location`(`id`,`locationname`,`country`,`province`,`region`,`altitude`,`latitude`,`weatherstation`,`userid`) values (16,'San Mateo','asdas','dasd','asd','asd','asd','asdasd',1),(23,'Remedios T. Romualdez',NULL,NULL,NULL,NULL,NULL,NULL,1),(24,'Ubay',NULL,NULL,NULL,NULL,NULL,NULL,1),(25,'LB','Philippines','Laguna','Region V','1.233222','14.556788','STn10',1),(26,'Los Banos','gma','gfgfg','fgfg','gffg','gffg','fg',1),(27,'Pangasinan',NULL,NULL,NULL,NULL,NULL,NULL,1),(40,'Loc1','Philippines','Laguna','Region 4','xx','xxx','xxx',1);

/*Table structure for table `program` */

DROP TABLE IF EXISTS `program`;

CREATE TABLE `program` (
  `id` int(10) NOT NULL AUTO_INCREMENT,
  `userid` int(10) DEFAULT NULL,
  `name` varchar(100) DEFAULT NULL,
  `objective` varchar(200) DEFAULT NULL,
  `coordinator` varchar(100) DEFAULT NULL,
  `leadinginstitute` varchar(200) DEFAULT NULL,
  `collaborator` varchar(100) DEFAULT NULL,
  PRIMARY KEY (`id`)
) ENGINE=InnoDB AUTO_INCREMENT=6 DEFAULT CHARSET=latin1;

/*Data for the table `program` */

insert  into `program`(`id`,`userid`,`name`,`objective`,`coordinator`,`leadinginstitute`,`collaborator`) values (1,1,'GSR','Hybrid for Africa','','IRRI','Africa'),(2,1,'Breeding for Irrigated System','Inbrid for India','','IRRI','India, AfricaRice'),(3,1,'Breeding for South East Asia','High Yielding Inbrid','RK, Bert','IRRI','Vietnam'),(4,1,'Strasa','Stressed-tolerant Rice','Ismael','IRRI','AfricaRice'),(5,1,'Strasa 2','a','a','a','a');

/*Table structure for table `project` */

DROP TABLE IF EXISTS `project`;

CREATE TABLE `project` (
  `id` int(10) NOT NULL AUTO_INCREMENT,
  `userid` int(10) DEFAULT NULL,
  `programid` int(10) DEFAULT NULL,
  `name` varchar(100) DEFAULT NULL,
  `objective` varchar(200) DEFAULT NULL,
  `pi` varchar(100) DEFAULT NULL,
  `leadinginstitute` varchar(100) DEFAULT NULL,
  `collaborators` varchar(200) DEFAULT NULL,
  `fundingagency` varchar(100) DEFAULT NULL,
  PRIMARY KEY (`id`)
) ENGINE=InnoDB AUTO_INCREMENT=10 DEFAULT CHARSET=latin1;

/*Data for the table `project` */

insert  into `project`(`id`,`userid`,`programid`,`name`,`objective`,`pi`,`leadinginstitute`,`collaborators`,`fundingagency`) values (1,1,1,'Develope Hybrid for Africa','Hybrid for Africa','Ali','IRRI','CAAS','GATS Foundation'),(3,1,2,'High Yielding Inbrid Development','High Yielding Inbrid','Bert','IRRI','India','CRISP '),(4,1,2,'High Yielding Inbrid for South Asia','High Yielding Inbrid','Bert','IRRI','Bangladesh','CRISP '),(5,1,3,'High Yielding Inbrid for Rainfed Ecosystem','High Yielding Rainfed','RK','IRRI','Vietnam','CRISP '),(6,1,3,'High Yielding Inbrid for Irrigated System','High Yielding','RK','IRRI','Vietnam','CRISP '),(7,1,4,'Salinity','Salt Tolerance','Glen','IRRI','AfricaRice, India','GATS Foundation');

/*Table structure for table `study` */

DROP TABLE IF EXISTS `study`;

CREATE TABLE `study` (
  `id` int(10) NOT NULL AUTO_INCREMENT,
  `userid` int(10) DEFAULT NULL,
  `programid` int(10) DEFAULT NULL,
  `projectid` int(10) DEFAULT NULL,
  `name` varchar(100) DEFAULT NULL,
  `description` varchar(200) DEFAULT NULL,
  `studytypeid` int(5) DEFAULT NULL,
  `startyear` varchar(4) DEFAULT NULL,
  `endyear` varchar(4) DEFAULT NULL,
  `remarks` varchar(200) DEFAULT NULL,
  `shared` tinyint(1) DEFAULT '0',
  `datecreated` datetime DEFAULT NULL,
  `datelastmodified` datetime DEFAULT NULL,
  PRIMARY KEY (`id`)
) ENGINE=InnoDB AUTO_INCREMENT=4 DEFAULT CHARSET=latin1;

/*Data for the table `study` */

insert  into `study`(`id`,`userid`,`programid`,`projectid`,`name`,`description`,`studytypeid`,`startyear`,`endyear`,`remarks`,`shared`,`datecreated`,`datelastmodified`) values (1,1,1,1,'Study1',NULL,1,'2014','2014',NULL,NULL,NULL,NULL),(2,1,4,8,'Sample2',NULL,2,'2014','2014',NULL,NULL,NULL,NULL),(3,1,4,8,'Sample6',NULL,1,'2014','2014',NULL,NULL,NULL,NULL);

/*Table structure for table `studyagronomy` */

DROP TABLE IF EXISTS `studyagronomy`;

CREATE TABLE `studyagronomy` (
  `id` int(10) NOT NULL AUTO_INCREMENT,
  `studysiteid` int(10) DEFAULT NULL,
  `plantingtypeid` int(5) DEFAULT NULL,
  `sowingdate` date DEFAULT NULL,
  `harvestdate` date DEFAULT NULL,
  `fertilization` varchar(50) DEFAULT NULL,
  `density` varchar(50) DEFAULT NULL,
  PRIMARY KEY (`id`)
) ENGINE=InnoDB AUTO_INCREMENT=5 DEFAULT CHARSET=latin1;

/*Data for the table `studyagronomy` */

insert  into `studyagronomy`(`id`,`studysiteid`,`plantingtypeid`,`sowingdate`,`harvestdate`,`fertilization`,`density`) values (1,1,1,'2014-01-16','2014-01-24','x','x'),(2,2,2,'2014-01-16','2014-01-24','x','x'),(3,3,1,'2014-01-17','2014-01-23','x','x'),(4,4,1,'2014-01-17','2014-01-24','x','x');

/*Table structure for table `studydatacolumn` */

DROP TABLE IF EXISTS `studydatacolumn`;

CREATE TABLE `studydatacolumn` (
  `id` int(10) NOT NULL AUTO_INCREMENT,
  `studyid` int(10) DEFAULT NULL,
  `dataset` int(10) DEFAULT NULL,
  `columnheader` varchar(20) DEFAULT NULL,
  `datatype` enum('dd','rd') DEFAULT 'rd',
  PRIMARY KEY (`id`)
) ENGINE=InnoDB AUTO_INCREMENT=65 DEFAULT CHARSET=latin1;

/*Data for the table `studydatacolumn` */

insert  into `studydatacolumn`(`id`,`studyid`,`dataset`,`columnheader`,`datatype`) values (1,1,1,'Gname','dd'),(2,1,1,'Site','dd'),(3,1,1,'Location','dd'),(4,1,1,'Year','dd'),(5,1,1,'Season','dd'),(6,1,1,'Rep','dd'),(7,1,1,'RowBlock','dd'),(8,1,1,'ColBlock','dd'),(9,1,1,'DFL','dd'),(10,1,1,'PH','dd'),(11,1,1,'TN','dd'),(12,1,1,'BLAST','dd'),(13,1,1,'BLS','dd'),(14,1,1,'BLB','dd'),(15,1,1,'TUNGRO','dd'),(16,1,1,'YLD','dd'),(17,2,2,'Gname','dd'),(18,2,2,'Site','dd'),(19,2,2,'Location','dd'),(20,2,2,'Year','dd'),(21,2,2,'Season','dd'),(22,2,2,'Rep','dd'),(23,2,2,'RowBlock','dd'),(24,2,2,'ColBlock','dd'),(25,2,2,'DFL','dd'),(26,2,2,'PH','dd'),(27,2,2,'TN','dd'),(28,2,2,'BLAST','dd'),(29,2,2,'BLS','dd'),(30,2,2,'BLB','dd'),(31,2,2,'TUNGRO','dd'),(32,2,2,'YLD','dd'),(33,3,3,'Gname','dd'),(34,3,3,'Site','dd'),(35,3,3,'Location','dd'),(36,3,3,'Year','dd'),(37,3,3,'Season','dd'),(38,3,3,'Rep','dd'),(39,3,3,'RowBlock','dd'),(40,3,3,'ColBlock','dd'),(41,3,3,'DFL','dd'),(42,3,3,'PH','dd'),(43,3,3,'TN','dd'),(44,3,3,'BLAST','dd'),(45,3,3,'BLS','dd'),(46,3,3,'BLB','dd'),(47,3,3,'TUNGRO','dd'),(48,3,3,'YLD','dd');

/*Table structure for table `studydataset` */

DROP TABLE IF EXISTS `studydataset`;

CREATE TABLE `studydataset` (
  `id` int(255) NOT NULL AUTO_INCREMENT,
  `studyid` int(255) DEFAULT NULL,
  `title` varchar(255) DEFAULT NULL,
  `datatype` varchar(100) DEFAULT NULL,
  PRIMARY KEY (`id`)
) ENGINE=InnoDB AUTO_INCREMENT=5 DEFAULT CHARSET=latin1;

/*Data for the table `studydataset` */

insert  into `studydataset`(`id`,`studyid`,`title`,`datatype`) values (1,1,'MyDataset2','dd'),(2,2,NULL,'dd'),(3,3,NULL,'dd');

/*Table structure for table `studyderiveddata` */

DROP TABLE IF EXISTS `studyderiveddata`;

CREATE TABLE `studyderiveddata` (
  `id` int(10) NOT NULL AUTO_INCREMENT,
  `studyid` int(10) DEFAULT NULL,
  `dataset` int(10) DEFAULT NULL,
  `datarow` int(10) DEFAULT NULL,
  `datacolumn` varchar(20) DEFAULT NULL,
  `datavalue` varchar(150) DEFAULT NULL,
  PRIMARY KEY (`id`)
) ENGINE=InnoDB AUTO_INCREMENT=321 DEFAULT CHARSET=latin1;

/*Data for the table `studyderiveddata` */

insert  into `studyderiveddata`(`id`,`studyid`,`dataset`,`datarow`,`datacolumn`,`datavalue`) values (1,1,1,1,'Gname','Gen1'),(2,1,1,1,'Site','Site1'),(3,1,1,1,'Location','Loc1'),(4,1,1,1,'Year','2013'),(5,1,1,1,'Season','DS'),(6,1,1,1,'Rep','R1'),(7,1,1,1,'RowBlock','1'),(8,1,1,1,'ColBlock','1'),(9,1,1,1,'DFL','107.527516'),(10,1,1,1,'PH','115.4354382'),(11,1,1,1,'TN','11.57145184'),(12,1,1,1,'BLAST','4.48971377'),(13,1,1,1,'BLS','3.706606015'),(14,1,1,1,'BLB','4.697610449'),(15,1,1,1,'TUNGRO','5.585880504'),(16,1,1,1,'YLD','6.9831158'),(17,1,1,2,'Gname','Gen2'),(18,1,1,2,'Site','Site1'),(19,1,1,2,'Location','Loc1'),(20,1,1,2,'Year','2013'),(21,1,1,2,'Season','DS'),(22,1,1,2,'Rep','R1'),(23,1,1,2,'RowBlock','2'),(24,1,1,2,'ColBlock','1'),(25,1,1,2,'DFL','113.9358043'),(26,1,1,2,'PH','89.08969404'),(27,1,1,2,'TN','11.32368273'),(28,1,1,2,'BLAST','4.883920758'),(29,1,1,2,'BLS','5.7858132'),(30,1,1,2,'BLB','6.39697318'),(31,1,1,2,'TUNGRO','3.897469105'),(32,1,1,2,'YLD','7.352831515'),(33,1,1,3,'Gname','Gen3'),(34,1,1,3,'Site','Site1'),(35,1,1,3,'Location','Loc1'),(36,1,1,3,'Year','2013'),(37,1,1,3,'Season','DS'),(38,1,1,3,'Rep','R1'),(39,1,1,3,'RowBlock','3'),(40,1,1,3,'ColBlock','1'),(41,1,1,3,'DFL','88.05623944'),(42,1,1,3,'PH','87.61974635'),(43,1,1,3,'TN','12.25132806'),(44,1,1,3,'BLAST','5.042461229'),(45,1,1,3,'BLS','4.419539539'),(46,1,1,3,'BLB','3.969207139'),(47,1,1,3,'TUNGRO','7.559571981'),(48,1,1,3,'YLD','7.801542302'),(49,1,1,4,'Gname','Gen4'),(50,1,1,4,'Site','Site1'),(51,1,1,4,'Location','Loc1'),(52,1,1,4,'Year','2013'),(53,1,1,4,'Season','DS'),(54,1,1,4,'Rep','R1'),(55,1,1,4,'RowBlock','4'),(56,1,1,4,'ColBlock','1'),(57,1,1,4,'DFL','77.22186121'),(58,1,1,4,'PH','90.81124202'),(59,1,1,4,'TN','12.54154745'),(60,1,1,4,'BLAST','6.142270489'),(61,1,1,4,'BLS','5.333621131'),(62,1,1,4,'BLB','5.500862818'),(63,1,1,4,'TUNGRO','4.520173937'),(64,1,1,4,'YLD','7.707403391'),(65,1,1,5,'Gname','Gen5'),(66,1,1,5,'Site','Site1'),(67,1,1,5,'Location','Loc1'),(68,1,1,5,'Year','2013'),(69,1,1,5,'Season','DS'),(70,1,1,5,'Rep','R1'),(71,1,1,5,'RowBlock','5'),(72,1,1,5,'ColBlock','1'),(73,1,1,5,'DFL','101.5189706'),(74,1,1,5,'PH','118.7262017'),(75,1,1,5,'TN','11.87252654'),(76,1,1,5,'BLAST','4.904401001'),(77,1,1,5,'BLS','5.226561194'),(78,1,1,5,'BLB','4.848885198'),(79,1,1,5,'TUNGRO','5.116072538'),(80,1,1,5,'YLD','8.270454874'),(81,2,2,1,'Gname','Gen1'),(82,2,2,1,'Site','Site1'),(83,2,2,1,'Location','Loc1'),(84,2,2,1,'Year','2013'),(85,2,2,1,'Season','DS'),(86,2,2,1,'Rep','R1'),(87,2,2,1,'RowBlock','1'),(88,2,2,1,'ColBlock','1'),(89,2,2,1,'DFL','107.527516'),(90,2,2,1,'PH','115.4354382'),(91,2,2,1,'TN','11.57145184'),(92,2,2,1,'BLAST','4.48971377'),(93,2,2,1,'BLS','3.706606015'),(94,2,2,1,'BLB','4.697610449'),(95,2,2,1,'TUNGRO','5.585880504'),(96,2,2,1,'YLD','6.9831158'),(97,2,2,2,'Gname','Gen2'),(98,2,2,2,'Site','Site1'),(99,2,2,2,'Location','Loc1'),(100,2,2,2,'Year','2013'),(101,2,2,2,'Season','DS'),(102,2,2,2,'Rep','R1'),(103,2,2,2,'RowBlock','2'),(104,2,2,2,'ColBlock','1'),(105,2,2,2,'DFL','113.9358043'),(106,2,2,2,'PH','89.08969404'),(107,2,2,2,'TN','11.32368273'),(108,2,2,2,'BLAST','4.883920758'),(109,2,2,2,'BLS','5.7858132'),(110,2,2,2,'BLB','6.39697318'),(111,2,2,2,'TUNGRO','3.897469105'),(112,2,2,2,'YLD','7.352831515'),(113,2,2,3,'Gname','Gen3'),(114,2,2,3,'Site','Site1'),(115,2,2,3,'Location','Loc1'),(116,2,2,3,'Year','2013'),(117,2,2,3,'Season','DS'),(118,2,2,3,'Rep','R1'),(119,2,2,3,'RowBlock','3'),(120,2,2,3,'ColBlock','1'),(121,2,2,3,'DFL','88.05623944'),(122,2,2,3,'PH','87.61974635'),(123,2,2,3,'TN','12.25132806'),(124,2,2,3,'BLAST','5.042461229'),(125,2,2,3,'BLS','4.419539539'),(126,2,2,3,'BLB','3.969207139'),(127,2,2,3,'TUNGRO','7.559571981'),(128,2,2,3,'YLD','7.801542302'),(129,2,2,4,'Gname','Gen4'),(130,2,2,4,'Site','Site1'),(131,2,2,4,'Location','Loc1'),(132,2,2,4,'Year','2013'),(133,2,2,4,'Season','DS'),(134,2,2,4,'Rep','R1'),(135,2,2,4,'RowBlock','4'),(136,2,2,4,'ColBlock','1'),(137,2,2,4,'DFL','77.22186121'),(138,2,2,4,'PH','90.81124202'),(139,2,2,4,'TN','12.54154745'),(140,2,2,4,'BLAST','6.142270489'),(141,2,2,4,'BLS','5.333621131'),(142,2,2,4,'BLB','5.500862818'),(143,2,2,4,'TUNGRO','4.520173937'),(144,2,2,4,'YLD','7.707403391'),(145,2,2,5,'Gname','Gen5'),(146,2,2,5,'Site','Site1'),(147,2,2,5,'Location','Loc1'),(148,2,2,5,'Year','2013'),(149,2,2,5,'Season','DS'),(150,2,2,5,'Rep','R1'),(151,2,2,5,'RowBlock','5'),(152,2,2,5,'ColBlock','1'),(153,2,2,5,'DFL','101.5189706'),(154,2,2,5,'PH','118.7262017'),(155,2,2,5,'TN','11.87252654'),(156,2,2,5,'BLAST','4.904401001'),(157,2,2,5,'BLS','5.226561194'),(158,2,2,5,'BLB','4.848885198'),(159,2,2,5,'TUNGRO','5.116072538'),(160,2,2,5,'YLD','8.270454874'),(161,3,3,1,'Gname','Gen1'),(162,3,3,1,'Site','Site1'),(163,3,3,1,'Location','Loc1'),(164,3,3,1,'Year','2013'),(165,3,3,1,'Season','DS'),(166,3,3,1,'Rep','R1'),(167,3,3,1,'RowBlock','1'),(168,3,3,1,'ColBlock','1'),(169,3,3,1,'DFL','107.527516'),(170,3,3,1,'PH','115.4354382'),(171,3,3,1,'TN','11.57145184'),(172,3,3,1,'BLAST','4.48971377'),(173,3,3,1,'BLS','3.706606015'),(174,3,3,1,'BLB','4.697610449'),(175,3,3,1,'TUNGRO','5.585880504'),(176,3,3,1,'YLD','6.9831158'),(177,3,3,2,'Gname','Gen2'),(178,3,3,2,'Site','Site1'),(179,3,3,2,'Location','Loc1'),(180,3,3,2,'Year','2013'),(181,3,3,2,'Season','DS'),(182,3,3,2,'Rep','R1'),(183,3,3,2,'RowBlock','2'),(184,3,3,2,'ColBlock','1'),(185,3,3,2,'DFL','113.9358043'),(186,3,3,2,'PH','89.08969404'),(187,3,3,2,'TN','11.32368273'),(188,3,3,2,'BLAST','4.883920758'),(189,3,3,2,'BLS','5.7858132'),(190,3,3,2,'BLB','6.39697318'),(191,3,3,2,'TUNGRO','3.897469105'),(192,3,3,2,'YLD','7.352831515'),(193,3,3,3,'Gname','Gen3'),(194,3,3,3,'Site','Site1'),(195,3,3,3,'Location','Loc1'),(196,3,3,3,'Year','2013'),(197,3,3,3,'Season','DS'),(198,3,3,3,'Rep','R1'),(199,3,3,3,'RowBlock','3'),(200,3,3,3,'ColBlock','1'),(201,3,3,3,'DFL','88.05623944'),(202,3,3,3,'PH','87.61974635'),(203,3,3,3,'TN','12.25132806'),(204,3,3,3,'BLAST','5.042461229'),(205,3,3,3,'BLS','4.419539539'),(206,3,3,3,'BLB','3.969207139'),(207,3,3,3,'TUNGRO','7.559571981'),(208,3,3,3,'YLD','7.801542302'),(209,3,3,4,'Gname','Gen4'),(210,3,3,4,'Site','Site1'),(211,3,3,4,'Location','Loc1'),(212,3,3,4,'Year','2013'),(213,3,3,4,'Season','DS'),(214,3,3,4,'Rep','R1'),(215,3,3,4,'RowBlock','4'),(216,3,3,4,'ColBlock','1'),(217,3,3,4,'DFL','77.22186121'),(218,3,3,4,'PH','90.81124202'),(219,3,3,4,'TN','12.54154745'),(220,3,3,4,'BLAST','6.142270489'),(221,3,3,4,'BLS','5.333621131'),(222,3,3,4,'BLB','5.500862818'),(223,3,3,4,'TUNGRO','4.520173937'),(224,3,3,4,'YLD','7.707403391'),(225,3,3,5,'Gname','Gen5'),(226,3,3,5,'Site','Site1'),(227,3,3,5,'Location','Loc1'),(228,3,3,5,'Year','2013'),(229,3,3,5,'Season','DS'),(230,3,3,5,'Rep','R1'),(231,3,3,5,'RowBlock','5'),(232,3,3,5,'ColBlock','1'),(233,3,3,5,'DFL','101.5189706'),(234,3,3,5,'PH','118.7262017'),(235,3,3,5,'TN','11.87252654'),(236,3,3,5,'BLAST','4.904401001'),(237,3,3,5,'BLS','5.226561194'),(238,3,3,5,'BLB','4.848885198'),(239,3,3,5,'TUNGRO','5.116072538'),(240,3,3,5,'YLD','8.270454874');

/*Table structure for table `studydesign` */

DROP TABLE IF EXISTS `studydesign`;

CREATE TABLE `studydesign` (
  `id` int(10) NOT NULL AUTO_INCREMENT,
  `studysiteid` int(10) DEFAULT NULL,
  `treatmentstructure` varchar(50) DEFAULT NULL,
  `designstructure` varchar(50) DEFAULT NULL,
  `plotsize` varchar(20) DEFAULT NULL,
  `designfactor1` varchar(20) DEFAULT NULL,
  `designfactor2` varchar(20) DEFAULT NULL,
  `designfactor3` varchar(20) DEFAULT NULL,
  `designfactor4` varchar(20) DEFAULT NULL,
  PRIMARY KEY (`id`)
) ENGINE=InnoDB AUTO_INCREMENT=5 DEFAULT CHARSET=latin1;

/*Data for the table `studydesign` */

insert  into `studydesign`(`id`,`studysiteid`,`treatmentstructure`,`designstructure`,`plotsize`,`designfactor1`,`designfactor2`,`designfactor3`,`designfactor4`) values (1,1,'x','x','x','x','x','x','x'),(2,2,'x','x','x','x','x','x','x'),(3,3,'x','x','x','x',NULL,NULL,NULL),(4,4,'x','x','x',NULL,NULL,NULL,NULL);

/*Table structure for table `studyfile` */

DROP TABLE IF EXISTS `studyfile`;

CREATE TABLE `studyfile` (
  `id` int(10) NOT NULL AUTO_INCREMENT,
  `userid` int(10) DEFAULT NULL,
  `studyid` int(10) DEFAULT NULL,
  `filename` varchar(100) DEFAULT NULL,
  `filenamegen` varchar(200) DEFAULT NULL,
  `filepath` varchar(200) DEFAULT NULL,
  `typeofdata` enum('dd','rd','gd') DEFAULT NULL,
  PRIMARY KEY (`id`)
) ENGINE=InnoDB DEFAULT CHARSET=latin1;

/*Data for the table `studyfile` */

/*Table structure for table `studygermplasm` */

DROP TABLE IF EXISTS `studygermplasm`;

CREATE TABLE `studygermplasm` (
  `id` int(11) NOT NULL AUTO_INCREMENT,
  `studyid` int(10) DEFAULT NULL,
  `dataset` int(11) DEFAULT NULL,
  `gid` int(10) DEFAULT NULL,
  `germplasmname` varchar(50) DEFAULT NULL,
  `othername` varchar(50) DEFAULT NULL,
  `breeder` varchar(50) DEFAULT NULL,
  `germplasmtypeid` int(5) DEFAULT NULL,
  `irnumber` varchar(20) DEFAULT NULL,
  `ircross` varchar(20) DEFAULT NULL,
  `parentage` varchar(50) DEFAULT NULL,
  `femaleparent` varchar(50) DEFAULT NULL,
  `maleparent` varchar(50) DEFAULT NULL,
  `selectionhistory` varchar(50) DEFAULT NULL,
  `source` varchar(50) DEFAULT NULL,
  `remarks` varchar(200) DEFAULT NULL,
  PRIMARY KEY (`id`)
) ENGINE=InnoDB AUTO_INCREMENT=36 DEFAULT CHARSET=latin1;

/*Data for the table `studygermplasm` */

insert  into `studygermplasm`(`id`,`studyid`,`dataset`,`gid`,`germplasmname`,`othername`,`breeder`,`germplasmtypeid`,`irnumber`,`ircross`,`parentage`,`femaleparent`,`maleparent`,`selectionhistory`,`source`,`remarks`) values (1,1,NULL,1564668,'Gen5','GenOtherName05',NULL,1,'GenIRNo5','GenIRCross5','GenParentage5','GenFemale5','GenMale5','GenSelection5','GenSource5',NULL),(2,1,NULL,1564667,'Gen4','GenOtherName04',NULL,1,'GenIRNo4','GenIRCross4','GenParentage4','GenFemale4','GenMale4','GenSelection4','GenSource4',NULL),(3,1,NULL,1564664,'Gen1','GenOtherName01',NULL,1,'GenIRNo1','GenIRCross1','GenParentage1','GenFemale1','GenMale1','GenSelection1','GenSource1',NULL),(4,1,NULL,1564666,'Gen3','GenOtherName03',NULL,1,'GenIRNo3','GenIRCross3','GenParentage3','GenFemale3','GenMale3','GenSelection3','GenSource3',NULL),(5,1,NULL,1564665,'Gen2','GenOtherName02',NULL,1,'GenIRNo2','GenIRCross2','GenParentage2','GenFemale2','GenMale2','GenSelection2','GenSource2',NULL),(6,2,NULL,1564668,'Gen5','GenOtherName05',NULL,1,'GenIRNo5','GenIRCross5','GenParentage5','GenFemale5','GenMale5','GenSelection5','GenSource5',NULL),(7,2,NULL,1564667,'Gen4','GenOtherName04',NULL,1,'GenIRNo4','GenIRCross4','GenParentage4','GenFemale4','GenMale4','GenSelection4','GenSource4',NULL),(8,2,NULL,1564664,'Gen1','GenOtherName01',NULL,1,'GenIRNo1','GenIRCross1','GenParentage1','GenFemale1','GenMale1','GenSelection1','GenSource1',NULL),(9,2,NULL,1564666,'Gen3','GenOtherName03',NULL,1,'GenIRNo3','GenIRCross3','GenParentage3','GenFemale3','GenMale3','GenSelection3','GenSource3',NULL),(10,2,NULL,1564665,'Gen2','GenOtherName02',NULL,1,'GenIRNo2','GenIRCross2','GenParentage2','GenFemale2','GenMale2','GenSelection2','GenSource2',NULL),(11,3,NULL,1564668,'Gen5','GenOtherName05',NULL,1,'GenIRNo5','GenIRCross5','GenParentage5','GenFemale5','GenMale5','GenSelection5','GenSource5',NULL),(12,3,NULL,1564667,'Gen4','GenOtherName04',NULL,1,'GenIRNo4','GenIRCross4','GenParentage4','GenFemale4','GenMale4','GenSelection4','GenSource4',NULL),(13,3,NULL,1564664,'Gen1','GenOtherName01',NULL,1,'GenIRNo1','GenIRCross1','GenParentage1','GenFemale1','GenMale1','GenSelection1','GenSource1',NULL),(14,3,NULL,1564666,'Gen3','GenOtherName03',NULL,1,'GenIRNo3','GenIRCross3','GenParentage3','GenFemale3','GenMale3','GenSelection3','GenSource3',NULL),(15,3,NULL,1564665,'Gen2','GenOtherName02',NULL,1,'GenIRNo2','GenIRCross2','GenParentage2','GenFemale2','GenMale2','GenSelection2','GenSource2',NULL),(16,1,NULL,1564668,'Gen5','GenOtherName05',NULL,1,'GenIRNo5','GenIRCross5','GenParentage5','GenFemale5','GenMale5','GenSelection5','GenSource5',NULL),(17,1,NULL,1564667,'Gen4','GenOtherName04',NULL,1,'GenIRNo4','GenIRCross4','GenParentage4','GenFemale4','GenMale4','GenSelection4','GenSource4',NULL),(18,1,NULL,1564664,'Gen1','GenOtherName01',NULL,1,'GenIRNo1','GenIRCross1','GenParentage1','GenFemale1','GenMale1','GenSelection1','GenSource1',NULL),(19,1,NULL,1564666,'Gen3','GenOtherName03',NULL,1,'GenIRNo3','GenIRCross3','GenParentage3','GenFemale3','GenMale3','GenSelection3','GenSource3',NULL),(20,1,NULL,1564665,'Gen2','GenOtherName02',NULL,1,'GenIRNo2','GenIRCross2','GenParentage2','GenFemale2','GenMale2','GenSelection2','GenSource2',NULL),(21,1,NULL,1564668,'Gen5','GenOtherName05',NULL,1,'GenIRNo5','GenIRCross5','GenParentage5','GenFemale5','GenMale5','GenSelection5','GenSource5',NULL),(22,1,NULL,1564667,'Gen4','GenOtherName04',NULL,1,'GenIRNo4','GenIRCross4','GenParentage4','GenFemale4','GenMale4','GenSelection4','GenSource4',NULL),(23,1,NULL,1564664,'Gen1','GenOtherName01',NULL,1,'GenIRNo1','GenIRCross1','GenParentage1','GenFemale1','GenMale1','GenSelection1','GenSource1',NULL),(24,1,NULL,1564666,'Gen3','GenOtherName03',NULL,1,'GenIRNo3','GenIRCross3','GenParentage3','GenFemale3','GenMale3','GenSelection3','GenSource3',NULL),(25,1,NULL,1564665,'Gen2','GenOtherName02',NULL,1,'GenIRNo2','GenIRCross2','GenParentage2','GenFemale2','GenMale2','GenSelection2','GenSource2',NULL),(26,1,NULL,1564668,'Gen5','GenOtherName05',NULL,1,'GenIRNo5','GenIRCross5','GenParentage5','GenFemale5','GenMale5','GenSelection5','GenSource5',NULL),(27,1,NULL,1564667,'Gen4','GenOtherName04',NULL,1,'GenIRNo4','GenIRCross4','GenParentage4','GenFemale4','GenMale4','GenSelection4','GenSource4',NULL),(28,1,NULL,1564664,'Gen1','GenOtherName01',NULL,1,'GenIRNo1','GenIRCross1','GenParentage1','GenFemale1','GenMale1','GenSelection1','GenSource1',NULL),(29,1,NULL,1564666,'Gen3','GenOtherName03',NULL,1,'GenIRNo3','GenIRCross3','GenParentage3','GenFemale3','GenMale3','GenSelection3','GenSource3',NULL),(30,1,NULL,1564665,'Gen2','GenOtherName02',NULL,1,'GenIRNo2','GenIRCross2','GenParentage2','GenFemale2','GenMale2','GenSelection2','GenSource2',NULL),(31,1,NULL,1564668,'Gen5','GenOtherName05',NULL,1,'GenIRNo5','GenIRCross5','GenParentage5','GenFemale5','GenMale5','GenSelection5','GenSource5',NULL),(32,1,NULL,1564667,'Gen4','GenOtherName04',NULL,1,'GenIRNo4','GenIRCross4','GenParentage4','GenFemale4','GenMale4','GenSelection4','GenSource4',NULL),(33,1,NULL,1564664,'Gen1','GenOtherName01',NULL,1,'GenIRNo1','GenIRCross1','GenParentage1','GenFemale1','GenMale1','GenSelection1','GenSource1',NULL),(34,1,NULL,1564666,'Gen3','GenOtherName03',NULL,1,'GenIRNo3','GenIRCross3','GenParentage3','GenFemale3','GenMale3','GenSelection3','GenSource3',NULL),(35,1,NULL,1564665,'Gen2','GenOtherName02',NULL,1,'GenIRNo2','GenIRCross2','GenParentage2','GenFemale2','GenMale2','GenSelection2','GenSource2',NULL);

/*Table structure for table `studygermplasmcharacteristics` */

DROP TABLE IF EXISTS `studygermplasmcharacteristics`;

CREATE TABLE `studygermplasmcharacteristics` (
  `id` int(10) NOT NULL AUTO_INCREMENT,
  `studygermplasmid` int(10) DEFAULT NULL,
  `germplasmname` varchar(50) DEFAULT NULL,
  `attribute` varchar(30) DEFAULT NULL,
  `value` varchar(30) DEFAULT NULL,
  PRIMARY KEY (`id`)
) ENGINE=InnoDB DEFAULT CHARSET=latin1;

/*Data for the table `studygermplasmcharacteristics` */

/*Table structure for table `studylocation` */

DROP TABLE IF EXISTS `studylocation`;

CREATE TABLE `studylocation` (
  `id` int(5) NOT NULL AUTO_INCREMENT,
  `studyid` int(10) DEFAULT NULL,
  `dataset` int(11) DEFAULT NULL,
  `locationid` int(11) DEFAULT NULL,
  PRIMARY KEY (`id`)
) ENGINE=InnoDB AUTO_INCREMENT=5 DEFAULT CHARSET=latin1;

/*Data for the table `studylocation` */

insert  into `studylocation`(`id`,`studyid`,`dataset`,`locationid`) values (2,2,NULL,40),(3,3,NULL,40),(4,1,NULL,40);

/*Table structure for table `studyrawdata` */

DROP TABLE IF EXISTS `studyrawdata`;

CREATE TABLE `studyrawdata` (
  `id` int(10) NOT NULL AUTO_INCREMENT,
  `studyid` int(10) DEFAULT NULL,
  `dataset` int(10) DEFAULT NULL,
  `datarow` int(10) DEFAULT NULL,
  `datacolumn` varchar(20) DEFAULT NULL,
  `datavalue` varchar(150) DEFAULT NULL,
  PRIMARY KEY (`id`)
) ENGINE=InnoDB DEFAULT CHARSET=latin1;

/*Data for the table `studyrawdata` */

/*Table structure for table `studysite` */

DROP TABLE IF EXISTS `studysite`;

CREATE TABLE `studysite` (
  `id` int(10) NOT NULL AUTO_INCREMENT,
  `studyid` int(10) DEFAULT NULL,
  `dataset` int(11) DEFAULT NULL,
  `year` varchar(4) DEFAULT NULL,
  `season` varchar(10) DEFAULT NULL,
  `sitename` varchar(100) DEFAULT NULL,
  `sitelocation` varchar(200) DEFAULT NULL,
  `locationid` int(50) DEFAULT NULL,
  `ecotypeid` int(5) DEFAULT NULL,
  `soiltype` varchar(50) DEFAULT NULL,
  `soilph` varchar(50) DEFAULT NULL,
  PRIMARY KEY (`id`)
) ENGINE=InnoDB AUTO_INCREMENT=5 DEFAULT CHARSET=latin1;

/*Data for the table `studysite` */

insert  into `studysite`(`id`,`studyid`,`dataset`,`year`,`season`,`sitename`,`sitelocation`,`locationid`,`ecotypeid`,`soiltype`,`soilph`) values (1,1,1,'2013','DS','Site1','Loc1',40,2,'x','uuu'),(2,2,2,'2013','DS','Site1','Loc1',40,1,'x','x'),(3,3,3,'2013','DS','Site1','Loc1',40,1,'x','x');

/*Table structure for table `studytype` */

DROP TABLE IF EXISTS `studytype`;

CREATE TABLE `studytype` (
  `id` int(10) NOT NULL AUTO_INCREMENT,
  `studytype` varchar(20) DEFAULT NULL,
  PRIMARY KEY (`id`)
) ENGINE=InnoDB AUTO_INCREMENT=6 DEFAULT CHARSET=latin1;

/*Data for the table `studytype` */

insert  into `studytype`(`id`,`studytype`) values (1,'PBT'),(2,'On farm'),(3,'Expriment Station'),(4,'Glasshouse'),(5,'Lab');

/*Table structure for table `studyvariable` */

DROP TABLE IF EXISTS `studyvariable`;

CREATE TABLE `studyvariable` (
  `id` int(10) NOT NULL AUTO_INCREMENT,
  `variablecode` varchar(50) DEFAULT NULL,
  `description` varchar(100) DEFAULT NULL,
  `property` varchar(100) DEFAULT NULL,
  `method` varchar(100) DEFAULT NULL,
  `scale` varchar(100) DEFAULT NULL,
  `applytofilter` enum('Yes','No') DEFAULT 'No',
  `defaultcolumn` enum('Yes','No') DEFAULT 'No',
  `datatype` enum('N','C') DEFAULT 'C',
  PRIMARY KEY (`id`),
  KEY `description` (`variablecode`)
) ENGINE=InnoDB AUTO_INCREMENT=1283 DEFAULT CHARSET=latin1;

/*Data for the table `studyvariable` */

insert  into `studyvariable`(`id`,`variablecode`,`description`,`property`,`method`,`scale`,`applytofilter`,`defaultcolumn`,`datatype`) values (1190,'1000GW','Weight of the 1000-dehulled grains having pericarp (seed coat). Expressed in grams.','1000-GRAIN WEIGHT','Thousand Grains','0','No','No','N'),(1191,'100GW','Weight of the 100-dehulled grain having pericarp (seed coat). Expressed in grams.','100-GRAIN WEIGHT','Hundred Grains','0','No','No','N'),(1192,'AMY','Percent amylose of milled rice.','AMYLOSE CONTENT OF GRAIN','Standard laboratory procedure','0','No','No','N'),(1193,'AWNING','The presence or absence of awn. Observation may include relative awn size.','AWN PRESENCE','Reproductive Stage','0','No','No','N'),(1194,'AN','NO-DESC','AWNING','At Growth Stage 7-9','0','No','No','N'),(1195,'CLK','Defines a representative milled sample for the degree (extent) of chalkiness that will best describe','CHALKINESS OF ENDOSPERM','Milled Rice','0','No','No','N'),(1196,'CMD','Measurement of diameter of culm.','CULM DIAMETER','Reproductive Stage','0','No','No','N'),(1197,'CML','Length of the stem.','CULM LENGTH','At Growth Stage 7-9;Reproductive Stage','0','No','No','N'),(1198,'CMST','The test gives indication of culm stiffness and resilience.','CULM STRENGTH','At Growth Stage 8-9;Reproductive Stage','0','No','No','N'),(1199,'DTF','Number of days from the seed sowing or the seedling transplant date to the anthesis (flowering) stag','DAYS TO FLOWER','80% Flowering;At Harvest; ','0','No','No','N'),(1200,'DTH','Number of days required for the inflorescence (head/cob/panicle) to emerge from the flag leaf of a p','DAYS TO HEADING','80% Fully Headed; First Flowering; Full Panicle exsertion','0','No','No','N'),(1201,'DTM','Number of days required from seeding to seed/grain ripening .','DAYS TO MATURITY','85% Mature Grains','0','No','No','N'),(1202,'DRR','Scores are taken after 10 days following soaking rain or watering- Indicate the degree of stress bef','DROUGHT RECOVERY','Drought 2 (After 1st stress)','0','No','No','N'),(1203,'DRRE','Becoming tolerant to drought like conditions of minimal or no water content in the growth environmen','DROUGHT RESISTANCE','Drought 1 (Seedling Vigor)','0','No','No','N'),(1204,'DRS','NO-DESC','DROUGHT SENSITIVITY','At Maturity','0','No','No','N'),(1205,'FTP','NO-DESC','FERTILE PANICLES','Not Specified','0','No','No','N'),(1206,'FTL','NO-DESC','FERTILITY','Fertile Spikelets','0','No','No','N'),(1207,'FLA','It is measured near the collar as the angle of attachment between the flag leaf blade and the main i','FLAG LEAF ANGLE','At Growth Stage 4-5','0','No','No','N'),(1208,'GELC','Scoring of carbohydrate composition in grain by gel consistency type in mm.','GEL CONSISTENCY','Milled Rice','0','No','No','N'),(1209,'GELT','Temperature for the gelatinization process.','GELATINIZATION TEMPERATURE','Cooking Test','0','No','No','N'),(1210,'GRM','The physiological and developmental changes that occur in a seed commencing with water uptake (imbib','GERMINATION','Not Specified','0','No','No','N'),(1211,'GRL','Is the average length of the seed or caryopsis fruit in a cereal (with hull).','GRAIN LENGTH','At Growth Stage 9 (Mature Grain)','0','No','No','N'),(1212,'GRM','Moisture content of grain. Expressed in percentage.','GRAIN MOISTURE','Percent of total weight','0','No','No','N'),(1213,'GRS','An assay to determine the variation in the shape of the dehulled grain.','GRAIN SHAPE','At Growth Stage 9 (Mature Grain)','0','No','No','N'),(1214,'GRSZ','Seed size is determined by its length to width ratio.','GRAIN SIZE','Seed (with lemma and palea)','0','No','No','N'),(1215,'GRT','Thickness of the seed or fruit caryopsis with the hull.','GRAIN THICKNESS','At Growth Stage 9 (Mature Grain)','0','No','No','N'),(1216,'GW','Weight of the dehulled grains. Expressed in kilograms or grams.','GRAIN WEIGHT','Thousand Grains','0','No','No','N'),(1217,'GRW','Width of the dehulled grain with pericarp.','GRAIN WIDTH','At Growth Stage 9 (Mature Grain)','0','No','No','N'),(1218,'YLD','The grain yield, measured in kilograms per hectare at 14 percent moisture.','GRAIN YIELD','Paddy Rice','0','No','No','N'),(1219,'HDR','The 3/4 or longer whole milled kernels separated from the total milled rice.','HEAD RICE','Exceeding 8/10 of Average Length','0','No','No','N'),(1220,'FETOX','Sensitivity to the iron ion content in the growth environment.','IRON TOXICITY','Field Trial','0','No','No','N'),(1221,'LFSC','Color of leaf sheath.','LEAF SHEATH COLOR','At Growth Stage 3-5','0','No','No','N'),(1222,'LG','Measure of percentage of plants that lodged.','LODGING INCIDENCE','At Growth Stage 6-9','0','No','No','N'),(1223,'NUMPA','Average number of panicles per plant in a study.','NUMBER OF PANICLES','Count Per Square Meter','0','No','No','N'),(1224,'PNL','Measurement from panicle base to tip. Expressed in cm.','PANICLE LENGTH','At Maturity','0','No','No','N'),(1225,'PNW','Average weight of the panicle from the plants or tillers in a given study.','PANICLE WEIGHT','At Maturity','0','No','No','N'),(1226,'PHA  ','Breeding objectives for each variety and trait varies. The evaluation should reflect the overall acc','PHENOTYPIC ACCEPTABILITY                          ','At Maturity','0','No','No','N'),(1227,'PLHT','Plant height measured from the soil surface to the tip of extended panicles.','PLANT HEIGHT','MATURITY (Stages 7-9)                             ','0','No','No','N'),(1228,'PLVG','Represents the growth of plant.','PLANT VIGOR','At Germination Stage;','0','No','No','N'),(1229,'SDWT','Average weight of seeds obtained from a plant, representing the overall yields or produce from the f','SEED WEIGHT','1000-Seed Weight','0','No','No','N'),(1230,'SDVG','Represents the seedling growth of the plant.','SEEDLING VIGOR','At Germination Stage','0','No','No','N'),(1231,'SPFERT','Determined by percent of spikelets with grains identified by pressing the spikelets with the fingers','SPIKELET FERTILITY','At Growth Stage 9','0','No','No','N'),(1232,'SUB','NO-DESC','SUBMERGENCE TOLERANCE','Field Trial','0','No','No','N'),(1233,'THR','Percentage of shattered grains, determined by firmly grasping and pulling the hand over the panicle.','THRESHABILITY','At Growth Stage 9','0','No','No','N'),(1234,'TI','Degree of tillering is affected by variety, spacing of plants in the field, season of planting, and ','TILLERING ABILITY','NO-SCALE','0','No','No','N'),(1235,'YLDBIO','The material produced by the growth of plants, especially as a product of farming.','YIELD (BIOMASS)','Oven-drying','0','No','No','N'),(1253,'GName(NULL)','Germplasm Name',NULL,NULL,NULL,'No','Yes','C'),(1254,'Site','Site',NULL,NULL,NULL,'No','No','C'),(1255,'Location','Location',NULL,NULL,NULL,'No','No','C'),(1256,'GID','GID',NULL,NULL,NULL,'No','No','N'),(1257,'Breeder','Breeder',NULL,NULL,NULL,'No','No','N'),(1258,'Parentage',NULL,NULL,NULL,NULL,'No','No','N'),(1259,'Female Parent',NULL,NULL,NULL,NULL,'No','No','N'),(1260,'Male Parent',NULL,NULL,NULL,NULL,'No','No','N'),(1261,'Source',NULL,NULL,NULL,NULL,'No','No','N'),(1262,'Selection History',NULL,NULL,NULL,NULL,'No','No','N'),(1263,'GName',NULL,NULL,NULL,NULL,'No','No','N'),(1264,'Season',NULL,NULL,NULL,NULL,'No','No','N'),(1265,'RowBlock',NULL,NULL,NULL,NULL,'No','No','N'),(1266,'RowColumn',NULL,NULL,NULL,NULL,'No','No','N'),(1267,'FieldRow',NULL,NULL,NULL,NULL,'No','No','N'),(1268,'FieldColumn',NULL,NULL,NULL,NULL,'No','No','N'),(1269,'Year',NULL,NULL,NULL,NULL,'No','No','N'),(1270,'Rep',NULL,NULL,NULL,NULL,'No','No','N'),(1271,'ColBlock',NULL,NULL,NULL,NULL,'No','No','N'),(1272,'Block',NULL,NULL,NULL,NULL,'No','No','N'),(1274,'PH','Plang Height',NULL,NULL,NULL,'No','No','N'),(1275,'DF','Days of Flowering',NULL,NULL,NULL,'No','No','N'),(1276,'DFL','Days of Flowering',NULL,NULL,NULL,'No','No','N'),(1277,'Designation','Germplasm Name',NULL,NULL,NULL,'No','No','N'),(1278,'TN',NULL,NULL,NULL,NULL,'No','No','N'),(1279,'TUNGRO',NULL,NULL,NULL,NULL,'No','No','N'),(1280,'BLAST',NULL,NULL,NULL,NULL,'No','No','N'),(1281,'BLS',NULL,NULL,NULL,NULL,'No','No','N'),(1282,'BLB',NULL,NULL,NULL,NULL,'No','No','N');

/*Table structure for table `user` */

DROP TABLE IF EXISTS `user`;

CREATE TABLE `user` (
  `id` int(10) NOT NULL AUTO_INCREMENT,
  `lastname` varchar(30) DEFAULT NULL,
  `firstname` varchar(30) DEFAULT NULL,
  `mi` varchar(30) DEFAULT NULL,
  `agency` varchar(100) DEFAULT NULL,
  `username` varchar(20) DEFAULT NULL,
  `password` varchar(200) DEFAULT NULL,
  `email` varchar(50) DEFAULT NULL,
  `address` varchar(200) DEFAULT NULL,
  `country` varchar(50) DEFAULT NULL,
  `status` tinyint(1) DEFAULT NULL,
  `role` varchar(20) DEFAULT 'ROLE_USER',
  `active` tinyint(1) DEFAULT '1',
  `dateregistered` timestamp NOT NULL DEFAULT CURRENT_TIMESTAMP,
  PRIMARY KEY (`id`)
) ENGINE=InnoDB AUTO_INCREMENT=5 DEFAULT CHARSET=latin1;

/*Data for the table `user` */

insert  into `user`(`id`,`lastname`,`firstname`,`mi`,`agency`,`username`,`password`,`email`,`address`,`country`,`status`,`role`,`active`,`dateregistered`) values (1,'Talay ','Darwin','','IRRI','user1','24c9e15e52afc47c225b757e7bee1f9d','','College, Los Banos Laguna','Phil',1,'ROLE_USER',1,'2013-10-18 14:19:03'),(2,'Caneda','Alexander','A','IRRI','admin','21232f297a57a5a743894a0e4a801fc3','a.caneda@irri.org','College Laguna','Phil',1,'ROLE_ADMIN',1,'2013-10-18 14:19:03'),(3,'Gouyou','Ye',NULL,'PHILRICE','user2','7e58d63b60197ceb55a1c487989a3720','ye.gouyou@irri.org','College, Laguna','Phil',1,'ROLE_USER',1,'2013-10-18 14:19:03'),(4,'Racquel','Angel',NULL,'PHILRICE','user3','92877af70a45fd6a2ed7fe81e1236b78',NULL,NULL,NULL,1,'ROLE_USER',1,'2013-10-18 14:19:03');

/*!40101 SET SQL_MODE=@OLD_SQL_MODE */;
/*!40014 SET FOREIGN_KEY_CHECKS=@OLD_FOREIGN_KEY_CHECKS */;
