/*
SQLyog Community Edition- MySQL GUI v6.03
Host - 5.5.23-log : Database - strasa
*********************************************************************
Server version : 5.5.23-log
*/

/*!40101 SET NAMES utf8 */;

/*!40101 SET SQL_MODE=''*/;

/*!40014 SET @OLD_FOREIGN_KEY_CHECKS=@@FOREIGN_KEY_CHECKS, FOREIGN_KEY_CHECKS=0 */;
/*!40101 SET @OLD_SQL_MODE=@@SQL_MODE, SQL_MODE='NO_AUTO_VALUE_ON_ZERO' */;

/*Table structure for table `location` */

DROP TABLE IF EXISTS `location`;

CREATE TABLE `location` (
  `id` int(10) NOT NULL AUTO_INCREMENT,
  `locationname` varchar(100) DEFAULT NULL,
  `country` varchar(50) DEFAULT NULL,
  `province` varchar(100) DEFAULT NULL,
  `region` varchar(100) DEFAULT NULL,
  `altitude` varchar(50) DEFAULT NULL,
  `latitude` varchar(50) DEFAULT NULL,
  `weatherstation` varchar(50) DEFAULT NULL,
  PRIMARY KEY (`id`)
) ENGINE=InnoDB AUTO_INCREMENT=9 DEFAULT CHARSET=latin1;

/*Data for the table `location` */

insert  into `location`(`id`,`locationname`,`country`,`province`,`region`,`altitude`,`latitude`,`weatherstation`) values (1,'Los Banos','PHIL',NULL,NULL,NULL,NULL,NULL);
insert  into `location`(`id`,`locationname`,`country`,`province`,`region`,`altitude`,`latitude`,`weatherstation`) values (2,'Nueva Ecija','PHIL',NULL,NULL,NULL,NULL,NULL);
insert  into `location`(`id`,`locationname`,`country`,`province`,`region`,`altitude`,`latitude`,`weatherstation`) values (3,'Location 3','PHIL',NULL,NULL,NULL,NULL,NULL);
insert  into `location`(`id`,`locationname`,`country`,`province`,`region`,`altitude`,`latitude`,`weatherstation`) values (4,'Location 4','PHIL',NULL,NULL,NULL,NULL,NULL);
insert  into `location`(`id`,`locationname`,`country`,`province`,`region`,`altitude`,`latitude`,`weatherstation`) values (5,'Location 5','INDIA',NULL,NULL,NULL,NULL,NULL);
insert  into `location`(`id`,`locationname`,`country`,`province`,`region`,`altitude`,`latitude`,`weatherstation`) values (6,'Location 6','INDIA',NULL,NULL,NULL,NULL,NULL);
insert  into `location`(`id`,`locationname`,`country`,`province`,`region`,`altitude`,`latitude`,`weatherstation`) values (7,'Location 7','AFRICA',NULL,NULL,NULL,NULL,NULL);
insert  into `location`(`id`,`locationname`,`country`,`province`,`region`,`altitude`,`latitude`,`weatherstation`) values (8,'Location 8','AFRICA',NULL,NULL,NULL,NULL,NULL);

/*Table structure for table `study` */

DROP TABLE IF EXISTS `study`;

CREATE TABLE `study` (
  `id` int(10) NOT NULL AUTO_INCREMENT,
  `userid` int(10) DEFAULT NULL,
  `programid` int(10) DEFAULT NULL,
  `projectid` int(10) DEFAULT NULL,
  `name` varchar(100) DEFAULT NULL,
  `description` varchar(200) DEFAULT NULL,
  `studytypeid` int(5) DEFAULT NULL,
  `startyear` varchar(4) DEFAULT NULL,
  `endyear` varchar(4) DEFAULT NULL,
  `remarks` varchar(200) DEFAULT NULL,
  `shared` enum('private','public') DEFAULT 'private',
  PRIMARY KEY (`id`)
) ENGINE=InnoDB AUTO_INCREMENT=22 DEFAULT CHARSET=latin1;

/*Data for the table `study` */

insert  into `study`(`id`,`userid`,`programid`,`projectid`,`name`,`description`,`studytypeid`,`startyear`,`endyear`,`remarks`,`shared`) values (1,1,1,1,'Study1',NULL,1,'2012','2013',NULL,'private');
insert  into `study`(`id`,`userid`,`programid`,`projectid`,`name`,`description`,`studytypeid`,`startyear`,`endyear`,`remarks`,`shared`) values (2,1,1,1,'Study2',NULL,2,'2012','2013',NULL,'private');
insert  into `study`(`id`,`userid`,`programid`,`projectid`,`name`,`description`,`studytypeid`,`startyear`,`endyear`,`remarks`,`shared`) values (3,1,1,1,'Study3',NULL,2,'2011','2012',NULL,'private');
insert  into `study`(`id`,`userid`,`programid`,`projectid`,`name`,`description`,`studytypeid`,`startyear`,`endyear`,`remarks`,`shared`) values (4,1,1,1,'Study4',NULL,2,'2011','2012',NULL,'public');
insert  into `study`(`id`,`userid`,`programid`,`projectid`,`name`,`description`,`studytypeid`,`startyear`,`endyear`,`remarks`,`shared`) values (5,1,1,1,'Study5',NULL,2,'2013','2014',NULL,'public');
insert  into `study`(`id`,`userid`,`programid`,`projectid`,`name`,`description`,`studytypeid`,`startyear`,`endyear`,`remarks`,`shared`) values (6,1,1,2,'Study6',NULL,3,'2010','2012',NULL,'public');
insert  into `study`(`id`,`userid`,`programid`,`projectid`,`name`,`description`,`studytypeid`,`startyear`,`endyear`,`remarks`,`shared`) values (7,1,1,2,'Study7',NULL,3,'2010','2012',NULL,'private');
insert  into `study`(`id`,`userid`,`programid`,`projectid`,`name`,`description`,`studytypeid`,`startyear`,`endyear`,`remarks`,`shared`) values (8,1,1,2,'Study8',NULL,3,'2010','2013',NULL,'private');
insert  into `study`(`id`,`userid`,`programid`,`projectid`,`name`,`description`,`studytypeid`,`startyear`,`endyear`,`remarks`,`shared`) values (9,1,1,2,'Study9',NULL,4,'2011','2013',NULL,'public');
insert  into `study`(`id`,`userid`,`programid`,`projectid`,`name`,`description`,`studytypeid`,`startyear`,`endyear`,`remarks`,`shared`) values (10,1,1,2,'Study10',NULL,4,'2013','2014',NULL,'public');
insert  into `study`(`id`,`userid`,`programid`,`projectid`,`name`,`description`,`studytypeid`,`startyear`,`endyear`,`remarks`,`shared`) values (11,1,1,2,'Study11',NULL,4,'2013','2014',NULL,'private');
insert  into `study`(`id`,`userid`,`programid`,`projectid`,`name`,`description`,`studytypeid`,`startyear`,`endyear`,`remarks`,`shared`) values (13,NULL,2,3,'Study12',NULL,1,NULL,NULL,NULL,'private');
insert  into `study`(`id`,`userid`,`programid`,`projectid`,`name`,`description`,`studytypeid`,`startyear`,`endyear`,`remarks`,`shared`) values (14,NULL,2,3,'Study13',NULL,1,NULL,NULL,NULL,'private');
insert  into `study`(`id`,`userid`,`programid`,`projectid`,`name`,`description`,`studytypeid`,`startyear`,`endyear`,`remarks`,`shared`) values (15,NULL,2,3,'Study14',NULL,1,NULL,NULL,NULL,'private');
insert  into `study`(`id`,`userid`,`programid`,`projectid`,`name`,`description`,`studytypeid`,`startyear`,`endyear`,`remarks`,`shared`) values (16,NULL,2,4,'Study15',NULL,2,NULL,NULL,NULL,'private');
insert  into `study`(`id`,`userid`,`programid`,`projectid`,`name`,`description`,`studytypeid`,`startyear`,`endyear`,`remarks`,`shared`) values (17,NULL,2,4,'Study16',NULL,3,NULL,NULL,NULL,'private');
insert  into `study`(`id`,`userid`,`programid`,`projectid`,`name`,`description`,`studytypeid`,`startyear`,`endyear`,`remarks`,`shared`) values (18,NULL,2,4,'Study17',NULL,3,NULL,NULL,NULL,'private');
insert  into `study`(`id`,`userid`,`programid`,`projectid`,`name`,`description`,`studytypeid`,`startyear`,`endyear`,`remarks`,`shared`) values (19,NULL,2,5,'Study18',NULL,4,NULL,NULL,NULL,'private');
insert  into `study`(`id`,`userid`,`programid`,`projectid`,`name`,`description`,`studytypeid`,`startyear`,`endyear`,`remarks`,`shared`) values (20,NULL,2,5,'Study19',NULL,4,NULL,NULL,NULL,'private');
insert  into `study`(`id`,`userid`,`programid`,`projectid`,`name`,`description`,`studytypeid`,`startyear`,`endyear`,`remarks`,`shared`) values (21,NULL,2,6,'Study20',NULL,4,NULL,NULL,NULL,'private');

/*Table structure for table `studygermplasm` */

DROP TABLE IF EXISTS `studygermplasm`;

CREATE TABLE `studygermplasm` (
  `id` int(11) NOT NULL AUTO_INCREMENT,
  `studyid` int(10) DEFAULT NULL,
  `gid` int(10) DEFAULT NULL,
  `germplasmname` varchar(50) DEFAULT NULL,
  `othername` varchar(50) DEFAULT NULL,
  `breeder` varchar(50) DEFAULT NULL,
  `germplasmtypeid` int(5) DEFAULT NULL,
  `irnumber` varchar(20) DEFAULT NULL,
  `ircross` varchar(20) DEFAULT NULL,
  `parentage` varchar(50) DEFAULT NULL,
  `femaleparent` varchar(50) DEFAULT NULL,
  `maleparent` varchar(50) DEFAULT NULL,
  `selectionhistory` varchar(50) DEFAULT NULL,
  `source` varchar(50) DEFAULT NULL,
  `remarks` varchar(200) DEFAULT NULL,
  PRIMARY KEY (`id`)
) ENGINE=InnoDB AUTO_INCREMENT=12 DEFAULT CHARSET=latin1;

/*Data for the table `studygermplasm` */

insert  into `studygermplasm`(`id`,`studyid`,`gid`,`germplasmname`,`othername`,`breeder`,`germplasmtypeid`,`irnumber`,`ircross`,`parentage`,`femaleparent`,`maleparent`,`selectionhistory`,`source`,`remarks`) values (1,1,NULL,'IR8',NULL,NULL,NULL,NULL,NULL,NULL,NULL,NULL,NULL,NULL,NULL);
insert  into `studygermplasm`(`id`,`studyid`,`gid`,`germplasmname`,`othername`,`breeder`,`germplasmtypeid`,`irnumber`,`ircross`,`parentage`,`femaleparent`,`maleparent`,`selectionhistory`,`source`,`remarks`) values (2,1,NULL,'IR22',NULL,NULL,NULL,NULL,NULL,NULL,NULL,NULL,NULL,NULL,NULL);
insert  into `studygermplasm`(`id`,`studyid`,`gid`,`germplasmname`,`othername`,`breeder`,`germplasmtypeid`,`irnumber`,`ircross`,`parentage`,`femaleparent`,`maleparent`,`selectionhistory`,`source`,`remarks`) values (3,1,NULL,'IR36',NULL,NULL,NULL,NULL,NULL,NULL,NULL,NULL,NULL,NULL,NULL);
insert  into `studygermplasm`(`id`,`studyid`,`gid`,`germplasmname`,`othername`,`breeder`,`germplasmtypeid`,`irnumber`,`ircross`,`parentage`,`femaleparent`,`maleparent`,`selectionhistory`,`source`,`remarks`) values (4,1,NULL,'IR64',NULL,NULL,NULL,NULL,NULL,NULL,NULL,NULL,NULL,NULL,NULL);
insert  into `studygermplasm`(`id`,`studyid`,`gid`,`germplasmname`,`othername`,`breeder`,`germplasmtypeid`,`irnumber`,`ircross`,`parentage`,`femaleparent`,`maleparent`,`selectionhistory`,`source`,`remarks`) values (5,1,NULL,' IR72',NULL,NULL,NULL,NULL,NULL,NULL,NULL,NULL,NULL,NULL,NULL);
insert  into `studygermplasm`(`id`,`studyid`,`gid`,`germplasmname`,`othername`,`breeder`,`germplasmtypeid`,`irnumber`,`ircross`,`parentage`,`femaleparent`,`maleparent`,`selectionhistory`,`source`,`remarks`) values (6,1,NULL,'RC222',NULL,NULL,NULL,NULL,NULL,NULL,NULL,NULL,NULL,NULL,NULL);
insert  into `studygermplasm`(`id`,`studyid`,`gid`,`germplasmname`,`othername`,`breeder`,`germplasmtypeid`,`irnumber`,`ircross`,`parentage`,`femaleparent`,`maleparent`,`selectionhistory`,`source`,`remarks`) values (7,1,NULL,'IR46sub1',NULL,NULL,NULL,NULL,NULL,NULL,NULL,NULL,NULL,NULL,NULL);
insert  into `studygermplasm`(`id`,`studyid`,`gid`,`germplasmname`,`othername`,`breeder`,`germplasmtypeid`,`irnumber`,`ircross`,`parentage`,`femaleparent`,`maleparent`,`selectionhistory`,`source`,`remarks`) values (8,2,NULL,'IR8',NULL,NULL,NULL,NULL,NULL,NULL,NULL,NULL,NULL,NULL,NULL);
insert  into `studygermplasm`(`id`,`studyid`,`gid`,`germplasmname`,`othername`,`breeder`,`germplasmtypeid`,`irnumber`,`ircross`,`parentage`,`femaleparent`,`maleparent`,`selectionhistory`,`source`,`remarks`) values (9,2,NULL,'PR02',NULL,NULL,NULL,NULL,NULL,NULL,NULL,NULL,NULL,NULL,NULL);
insert  into `studygermplasm`(`id`,`studyid`,`gid`,`germplasmname`,`othername`,`breeder`,`germplasmtypeid`,`irnumber`,`ircross`,`parentage`,`femaleparent`,`maleparent`,`selectionhistory`,`source`,`remarks`) values (10,2,NULL,'PR03',NULL,NULL,NULL,NULL,NULL,NULL,NULL,NULL,NULL,NULL,NULL);
insert  into `studygermplasm`(`id`,`studyid`,`gid`,`germplasmname`,`othername`,`breeder`,`germplasmtypeid`,`irnumber`,`ircross`,`parentage`,`femaleparent`,`maleparent`,`selectionhistory`,`source`,`remarks`) values (11,2,NULL,'PR04',NULL,NULL,NULL,NULL,NULL,NULL,NULL,NULL,NULL,NULL,NULL);

/*Table structure for table `studygermplasmcharacteristics` */

DROP TABLE IF EXISTS `studygermplasmcharacteristics`;

CREATE TABLE `studygermplasmcharacteristics` (
  `id` int(10) NOT NULL AUTO_INCREMENT,
  `studygermplasmid` int(10) DEFAULT NULL,
  `germplasmname` varchar(50) DEFAULT NULL,
  `attribute` varchar(30) DEFAULT NULL,
  `value` varchar(30) DEFAULT NULL,
  PRIMARY KEY (`id`)
) ENGINE=InnoDB DEFAULT CHARSET=latin1;

/*Data for the table `studygermplasmcharacteristics` */

/*Table structure for table `studylocation` */

DROP TABLE IF EXISTS `studylocation`;

CREATE TABLE `studylocation` (
  `id` int(5) NOT NULL AUTO_INCREMENT,
  `studyid` int(10) DEFAULT NULL,
  `locationid` int(11) DEFAULT NULL,
  PRIMARY KEY (`id`)
) ENGINE=InnoDB AUTO_INCREMENT=22 DEFAULT CHARSET=latin1;

/*Data for the table `studylocation` */

insert  into `studylocation`(`id`,`studyid`,`locationid`) values (1,1,1);
insert  into `studylocation`(`id`,`studyid`,`locationid`) values (2,2,2);
insert  into `studylocation`(`id`,`studyid`,`locationid`) values (3,3,1);
insert  into `studylocation`(`id`,`studyid`,`locationid`) values (4,4,2);
insert  into `studylocation`(`id`,`studyid`,`locationid`) values (5,5,3);
insert  into `studylocation`(`id`,`studyid`,`locationid`) values (6,6,4);
insert  into `studylocation`(`id`,`studyid`,`locationid`) values (7,7,5);
insert  into `studylocation`(`id`,`studyid`,`locationid`) values (8,8,6);
insert  into `studylocation`(`id`,`studyid`,`locationid`) values (9,9,1);
insert  into `studylocation`(`id`,`studyid`,`locationid`) values (10,10,2);
insert  into `studylocation`(`id`,`studyid`,`locationid`) values (11,11,3);
insert  into `studylocation`(`id`,`studyid`,`locationid`) values (12,12,4);
insert  into `studylocation`(`id`,`studyid`,`locationid`) values (13,13,2);
insert  into `studylocation`(`id`,`studyid`,`locationid`) values (14,14,3);
insert  into `studylocation`(`id`,`studyid`,`locationid`) values (15,15,5);
insert  into `studylocation`(`id`,`studyid`,`locationid`) values (16,16,6);
insert  into `studylocation`(`id`,`studyid`,`locationid`) values (17,17,7);
insert  into `studylocation`(`id`,`studyid`,`locationid`) values (18,18,8);
insert  into `studylocation`(`id`,`studyid`,`locationid`) values (19,19,5);
insert  into `studylocation`(`id`,`studyid`,`locationid`) values (20,20,1);
insert  into `studylocation`(`id`,`studyid`,`locationid`) values (21,21,2);

/*Table structure for table `studyrawdata` */

DROP TABLE IF EXISTS `studyrawdata`;

CREATE TABLE `studyrawdata` (
  `id` int(10) NOT NULL AUTO_INCREMENT,
  `studyid` int(10) DEFAULT NULL,
  `datarow` int(10) DEFAULT NULL,
  `datacolumn` varchar(20) DEFAULT NULL,
  `datavalue` varchar(20) DEFAULT NULL,
  PRIMARY KEY (`id`)
) ENGINE=InnoDB AUTO_INCREMENT=5662 DEFAULT CHARSET=latin1;

/*Data for the table `studyrawdata` */

insert  into `studyrawdata`(`id`,`studyid`,`datarow`,`datacolumn`,`datavalue`) values (4299,1,1,'GName','IR8');
insert  into `studyrawdata`(`id`,`studyid`,`datarow`,`datacolumn`,`datavalue`) values (4300,1,2,'GName','IR22');
insert  into `studyrawdata`(`id`,`studyid`,`datarow`,`datacolumn`,`datavalue`) values (4301,1,3,'GName','IR36');
insert  into `studyrawdata`(`id`,`studyid`,`datarow`,`datacolumn`,`datavalue`) values (4302,1,4,'GName','IR64');
insert  into `studyrawdata`(`id`,`studyid`,`datarow`,`datacolumn`,`datavalue`) values (4303,1,5,'GName','IR72');
insert  into `studyrawdata`(`id`,`studyid`,`datarow`,`datacolumn`,`datavalue`) values (4304,1,6,'GName','RC222');
insert  into `studyrawdata`(`id`,`studyid`,`datarow`,`datacolumn`,`datavalue`) values (4305,1,7,'GName','IR46sub1');
insert  into `studyrawdata`(`id`,`studyid`,`datarow`,`datacolumn`,`datavalue`) values (4306,1,8,'GName','IR8');
insert  into `studyrawdata`(`id`,`studyid`,`datarow`,`datacolumn`,`datavalue`) values (4307,1,9,'GName','IR22');
insert  into `studyrawdata`(`id`,`studyid`,`datarow`,`datacolumn`,`datavalue`) values (4308,1,10,'GName','IR36');
insert  into `studyrawdata`(`id`,`studyid`,`datarow`,`datacolumn`,`datavalue`) values (4309,1,11,'GName','IR64');
insert  into `studyrawdata`(`id`,`studyid`,`datarow`,`datacolumn`,`datavalue`) values (4310,1,12,'GName','IR72');
insert  into `studyrawdata`(`id`,`studyid`,`datarow`,`datacolumn`,`datavalue`) values (4311,1,13,'GName','RC222');
insert  into `studyrawdata`(`id`,`studyid`,`datarow`,`datacolumn`,`datavalue`) values (4312,1,14,'GName','IR46sub1');
insert  into `studyrawdata`(`id`,`studyid`,`datarow`,`datacolumn`,`datavalue`) values (4313,1,15,'GName','IR8');
insert  into `studyrawdata`(`id`,`studyid`,`datarow`,`datacolumn`,`datavalue`) values (4314,1,16,'GName','IR22');
insert  into `studyrawdata`(`id`,`studyid`,`datarow`,`datacolumn`,`datavalue`) values (4315,1,17,'GName','IR36');
insert  into `studyrawdata`(`id`,`studyid`,`datarow`,`datacolumn`,`datavalue`) values (4316,1,18,'GName','IR64');
insert  into `studyrawdata`(`id`,`studyid`,`datarow`,`datacolumn`,`datavalue`) values (4317,1,19,'GName','IR72');
insert  into `studyrawdata`(`id`,`studyid`,`datarow`,`datacolumn`,`datavalue`) values (4318,1,20,'GName','RC222');
insert  into `studyrawdata`(`id`,`studyid`,`datarow`,`datacolumn`,`datavalue`) values (4319,1,21,'GName','IR46sub1');
insert  into `studyrawdata`(`id`,`studyid`,`datarow`,`datacolumn`,`datavalue`) values (4320,1,22,'GName','IR44');
insert  into `studyrawdata`(`id`,`studyid`,`datarow`,`datacolumn`,`datavalue`) values (4321,1,23,'GName','IR22');
insert  into `studyrawdata`(`id`,`studyid`,`datarow`,`datacolumn`,`datavalue`) values (4322,1,24,'GName','IR36');
insert  into `studyrawdata`(`id`,`studyid`,`datarow`,`datacolumn`,`datavalue`) values (4323,1,25,'GName','IR64');
insert  into `studyrawdata`(`id`,`studyid`,`datarow`,`datacolumn`,`datavalue`) values (4324,1,26,'GName','IR72');
insert  into `studyrawdata`(`id`,`studyid`,`datarow`,`datacolumn`,`datavalue`) values (4325,1,27,'GName','PR01');
insert  into `studyrawdata`(`id`,`studyid`,`datarow`,`datacolumn`,`datavalue`) values (4326,1,28,'GName','PR02');
insert  into `studyrawdata`(`id`,`studyid`,`datarow`,`datacolumn`,`datavalue`) values (4327,1,29,'GName','PR03');
insert  into `studyrawdata`(`id`,`studyid`,`datarow`,`datacolumn`,`datavalue`) values (4328,1,30,'GName','PR04');
insert  into `studyrawdata`(`id`,`studyid`,`datarow`,`datacolumn`,`datavalue`) values (4329,1,31,'GName','IR8');
insert  into `studyrawdata`(`id`,`studyid`,`datarow`,`datacolumn`,`datavalue`) values (4330,1,32,'GName','IR22');
insert  into `studyrawdata`(`id`,`studyid`,`datarow`,`datacolumn`,`datavalue`) values (4331,1,33,'GName','IR36');
insert  into `studyrawdata`(`id`,`studyid`,`datarow`,`datacolumn`,`datavalue`) values (4332,1,34,'GName','IR64');
insert  into `studyrawdata`(`id`,`studyid`,`datarow`,`datacolumn`,`datavalue`) values (4333,1,35,'GName','IR72');
insert  into `studyrawdata`(`id`,`studyid`,`datarow`,`datacolumn`,`datavalue`) values (4334,1,36,'GName','PR01');
insert  into `studyrawdata`(`id`,`studyid`,`datarow`,`datacolumn`,`datavalue`) values (4335,1,37,'GName','PR02');
insert  into `studyrawdata`(`id`,`studyid`,`datarow`,`datacolumn`,`datavalue`) values (4336,1,38,'GName','PR03');
insert  into `studyrawdata`(`id`,`studyid`,`datarow`,`datacolumn`,`datavalue`) values (4337,1,39,'GName','PR04');
insert  into `studyrawdata`(`id`,`studyid`,`datarow`,`datacolumn`,`datavalue`) values (4338,1,40,'GName','IR22');
insert  into `studyrawdata`(`id`,`studyid`,`datarow`,`datacolumn`,`datavalue`) values (4339,1,41,'GName','IR36');
insert  into `studyrawdata`(`id`,`studyid`,`datarow`,`datacolumn`,`datavalue`) values (4340,1,42,'GName','IR64');
insert  into `studyrawdata`(`id`,`studyid`,`datarow`,`datacolumn`,`datavalue`) values (4341,1,43,'GName','IR72');
insert  into `studyrawdata`(`id`,`studyid`,`datarow`,`datacolumn`,`datavalue`) values (4342,1,44,'GName','PR01');
insert  into `studyrawdata`(`id`,`studyid`,`datarow`,`datacolumn`,`datavalue`) values (4343,1,45,'GName','PR02');
insert  into `studyrawdata`(`id`,`studyid`,`datarow`,`datacolumn`,`datavalue`) values (4344,1,46,'GName','PR03');
insert  into `studyrawdata`(`id`,`studyid`,`datarow`,`datacolumn`,`datavalue`) values (4345,1,47,'GName','PR04');
insert  into `studyrawdata`(`id`,`studyid`,`datarow`,`datacolumn`,`datavalue`) values (4346,1,1,'Source','Source IR8');
insert  into `studyrawdata`(`id`,`studyid`,`datarow`,`datacolumn`,`datavalue`) values (4347,1,2,'Source','Source IR22');
insert  into `studyrawdata`(`id`,`studyid`,`datarow`,`datacolumn`,`datavalue`) values (4348,1,3,'Source','Source IR36');
insert  into `studyrawdata`(`id`,`studyid`,`datarow`,`datacolumn`,`datavalue`) values (4349,1,4,'Source','Source IR64');
insert  into `studyrawdata`(`id`,`studyid`,`datarow`,`datacolumn`,`datavalue`) values (4350,1,5,'Source','Source IR72');
insert  into `studyrawdata`(`id`,`studyid`,`datarow`,`datacolumn`,`datavalue`) values (4351,1,6,'Source','SourceRC222');
insert  into `studyrawdata`(`id`,`studyid`,`datarow`,`datacolumn`,`datavalue`) values (4352,1,7,'Source','SourceIR46sub1');
insert  into `studyrawdata`(`id`,`studyid`,`datarow`,`datacolumn`,`datavalue`) values (4353,1,8,'Source','Source IR8');
insert  into `studyrawdata`(`id`,`studyid`,`datarow`,`datacolumn`,`datavalue`) values (4354,1,9,'Source','Source IR22');
insert  into `studyrawdata`(`id`,`studyid`,`datarow`,`datacolumn`,`datavalue`) values (4355,1,10,'Source','Source IR36');
insert  into `studyrawdata`(`id`,`studyid`,`datarow`,`datacolumn`,`datavalue`) values (4356,1,11,'Source','Source IR64');
insert  into `studyrawdata`(`id`,`studyid`,`datarow`,`datacolumn`,`datavalue`) values (4357,1,12,'Source','Source IR72');
insert  into `studyrawdata`(`id`,`studyid`,`datarow`,`datacolumn`,`datavalue`) values (4358,1,13,'Source','SourceRC222');
insert  into `studyrawdata`(`id`,`studyid`,`datarow`,`datacolumn`,`datavalue`) values (4359,1,14,'Source','SourceIR46sub1');
insert  into `studyrawdata`(`id`,`studyid`,`datarow`,`datacolumn`,`datavalue`) values (4360,1,15,'Source','Source IR8');
insert  into `studyrawdata`(`id`,`studyid`,`datarow`,`datacolumn`,`datavalue`) values (4361,1,16,'Source','Source IR22');
insert  into `studyrawdata`(`id`,`studyid`,`datarow`,`datacolumn`,`datavalue`) values (4362,1,17,'Source','Source IR36');
insert  into `studyrawdata`(`id`,`studyid`,`datarow`,`datacolumn`,`datavalue`) values (4363,1,18,'Source','Source IR64');
insert  into `studyrawdata`(`id`,`studyid`,`datarow`,`datacolumn`,`datavalue`) values (4364,1,19,'Source','Source IR72');
insert  into `studyrawdata`(`id`,`studyid`,`datarow`,`datacolumn`,`datavalue`) values (4365,1,20,'Source','SourceRC222');
insert  into `studyrawdata`(`id`,`studyid`,`datarow`,`datacolumn`,`datavalue`) values (4366,1,21,'Source','SourceIR46sub1');
insert  into `studyrawdata`(`id`,`studyid`,`datarow`,`datacolumn`,`datavalue`) values (4367,1,22,'Source','Source IR8');
insert  into `studyrawdata`(`id`,`studyid`,`datarow`,`datacolumn`,`datavalue`) values (4368,1,23,'Source','Source IR22');
insert  into `studyrawdata`(`id`,`studyid`,`datarow`,`datacolumn`,`datavalue`) values (4369,1,24,'Source','Source IR36');
insert  into `studyrawdata`(`id`,`studyid`,`datarow`,`datacolumn`,`datavalue`) values (4370,1,25,'Source','Source IR64');
insert  into `studyrawdata`(`id`,`studyid`,`datarow`,`datacolumn`,`datavalue`) values (4371,1,26,'Source','Source IR72');
insert  into `studyrawdata`(`id`,`studyid`,`datarow`,`datacolumn`,`datavalue`) values (4372,1,27,'Source','SourcePR01');
insert  into `studyrawdata`(`id`,`studyid`,`datarow`,`datacolumn`,`datavalue`) values (4373,1,28,'Source','SourcePR02');
insert  into `studyrawdata`(`id`,`studyid`,`datarow`,`datacolumn`,`datavalue`) values (4374,1,29,'Source','SourcePR03');
insert  into `studyrawdata`(`id`,`studyid`,`datarow`,`datacolumn`,`datavalue`) values (4375,1,30,'Source','SourcePR04');
insert  into `studyrawdata`(`id`,`studyid`,`datarow`,`datacolumn`,`datavalue`) values (4376,1,31,'Source','Source IR8');
insert  into `studyrawdata`(`id`,`studyid`,`datarow`,`datacolumn`,`datavalue`) values (4377,1,32,'Source','Source IR22');
insert  into `studyrawdata`(`id`,`studyid`,`datarow`,`datacolumn`,`datavalue`) values (4378,1,33,'Source','Source IR36');
insert  into `studyrawdata`(`id`,`studyid`,`datarow`,`datacolumn`,`datavalue`) values (4379,1,34,'Source','Source IR64');
insert  into `studyrawdata`(`id`,`studyid`,`datarow`,`datacolumn`,`datavalue`) values (4380,1,35,'Source','Source IR72');
insert  into `studyrawdata`(`id`,`studyid`,`datarow`,`datacolumn`,`datavalue`) values (4381,1,36,'Source','SourcePR01');
insert  into `studyrawdata`(`id`,`studyid`,`datarow`,`datacolumn`,`datavalue`) values (4382,1,37,'Source','SourcePR02');
insert  into `studyrawdata`(`id`,`studyid`,`datarow`,`datacolumn`,`datavalue`) values (4383,1,38,'Source','SourcePR03');
insert  into `studyrawdata`(`id`,`studyid`,`datarow`,`datacolumn`,`datavalue`) values (4384,1,39,'Source','SourcePR04');
insert  into `studyrawdata`(`id`,`studyid`,`datarow`,`datacolumn`,`datavalue`) values (4385,1,40,'Source','Source IR22');
insert  into `studyrawdata`(`id`,`studyid`,`datarow`,`datacolumn`,`datavalue`) values (4386,1,41,'Source','Source IR36');
insert  into `studyrawdata`(`id`,`studyid`,`datarow`,`datacolumn`,`datavalue`) values (4387,1,42,'Source','Source IR64');
insert  into `studyrawdata`(`id`,`studyid`,`datarow`,`datacolumn`,`datavalue`) values (4388,1,43,'Source','Source IR72');
insert  into `studyrawdata`(`id`,`studyid`,`datarow`,`datacolumn`,`datavalue`) values (4389,1,44,'Source','SourcePR01');
insert  into `studyrawdata`(`id`,`studyid`,`datarow`,`datacolumn`,`datavalue`) values (4390,1,45,'Source','SourcePR02');
insert  into `studyrawdata`(`id`,`studyid`,`datarow`,`datacolumn`,`datavalue`) values (4391,1,46,'Source','SourcePR03');
insert  into `studyrawdata`(`id`,`studyid`,`datarow`,`datacolumn`,`datavalue`) values (4392,1,47,'Source','SourcePR04');
insert  into `studyrawdata`(`id`,`studyid`,`datarow`,`datacolumn`,`datavalue`) values (4393,1,1,'Location','Los Banos');
insert  into `studyrawdata`(`id`,`studyid`,`datarow`,`datacolumn`,`datavalue`) values (4394,1,2,'Location','Los Banos');
insert  into `studyrawdata`(`id`,`studyid`,`datarow`,`datacolumn`,`datavalue`) values (4395,1,3,'Location','Los Banos');
insert  into `studyrawdata`(`id`,`studyid`,`datarow`,`datacolumn`,`datavalue`) values (4396,1,4,'Location','Los Banos');
insert  into `studyrawdata`(`id`,`studyid`,`datarow`,`datacolumn`,`datavalue`) values (4397,1,5,'Location','Los Banos');
insert  into `studyrawdata`(`id`,`studyid`,`datarow`,`datacolumn`,`datavalue`) values (4398,1,6,'Location','Los Banos');
insert  into `studyrawdata`(`id`,`studyid`,`datarow`,`datacolumn`,`datavalue`) values (4399,1,7,'Location','Los Banos');
insert  into `studyrawdata`(`id`,`studyid`,`datarow`,`datacolumn`,`datavalue`) values (4400,1,8,'Location','Los Banos');
insert  into `studyrawdata`(`id`,`studyid`,`datarow`,`datacolumn`,`datavalue`) values (4401,1,9,'Location','Los Banos');
insert  into `studyrawdata`(`id`,`studyid`,`datarow`,`datacolumn`,`datavalue`) values (4402,1,10,'Location','Los Banos');
insert  into `studyrawdata`(`id`,`studyid`,`datarow`,`datacolumn`,`datavalue`) values (4403,1,11,'Location','Los Banos');
insert  into `studyrawdata`(`id`,`studyid`,`datarow`,`datacolumn`,`datavalue`) values (4404,1,12,'Location','Los Banos');
insert  into `studyrawdata`(`id`,`studyid`,`datarow`,`datacolumn`,`datavalue`) values (4405,1,13,'Location','Los Banos');
insert  into `studyrawdata`(`id`,`studyid`,`datarow`,`datacolumn`,`datavalue`) values (4406,1,14,'Location','Los Banos');
insert  into `studyrawdata`(`id`,`studyid`,`datarow`,`datacolumn`,`datavalue`) values (4407,1,15,'Location','Los Banos');
insert  into `studyrawdata`(`id`,`studyid`,`datarow`,`datacolumn`,`datavalue`) values (4408,1,16,'Location','Los Banos');
insert  into `studyrawdata`(`id`,`studyid`,`datarow`,`datacolumn`,`datavalue`) values (4409,1,17,'Location','Los Banos');
insert  into `studyrawdata`(`id`,`studyid`,`datarow`,`datacolumn`,`datavalue`) values (4410,1,18,'Location','Los Banos');
insert  into `studyrawdata`(`id`,`studyid`,`datarow`,`datacolumn`,`datavalue`) values (4411,1,19,'Location','Los Banos');
insert  into `studyrawdata`(`id`,`studyid`,`datarow`,`datacolumn`,`datavalue`) values (4412,1,20,'Location','Los Banos');
insert  into `studyrawdata`(`id`,`studyid`,`datarow`,`datacolumn`,`datavalue`) values (4413,1,21,'Location','Los Banos');
insert  into `studyrawdata`(`id`,`studyid`,`datarow`,`datacolumn`,`datavalue`) values (4414,1,22,'Location','Nueva Ecija');
insert  into `studyrawdata`(`id`,`studyid`,`datarow`,`datacolumn`,`datavalue`) values (4415,1,23,'Location','Nueva Ecija');
insert  into `studyrawdata`(`id`,`studyid`,`datarow`,`datacolumn`,`datavalue`) values (4416,1,24,'Location','Nueva Ecija');
insert  into `studyrawdata`(`id`,`studyid`,`datarow`,`datacolumn`,`datavalue`) values (4417,1,25,'Location','Nueva Ecija');
insert  into `studyrawdata`(`id`,`studyid`,`datarow`,`datacolumn`,`datavalue`) values (4418,1,26,'Location','Nueva Ecija');
insert  into `studyrawdata`(`id`,`studyid`,`datarow`,`datacolumn`,`datavalue`) values (4419,1,27,'Location','Nueva Ecija');
insert  into `studyrawdata`(`id`,`studyid`,`datarow`,`datacolumn`,`datavalue`) values (4420,1,28,'Location','Nueva Ecija');
insert  into `studyrawdata`(`id`,`studyid`,`datarow`,`datacolumn`,`datavalue`) values (4421,1,29,'Location','Nueva Ecija');
insert  into `studyrawdata`(`id`,`studyid`,`datarow`,`datacolumn`,`datavalue`) values (4422,1,30,'Location','Nueva Ecija');
insert  into `studyrawdata`(`id`,`studyid`,`datarow`,`datacolumn`,`datavalue`) values (4423,1,31,'Location','Nueva Ecija');
insert  into `studyrawdata`(`id`,`studyid`,`datarow`,`datacolumn`,`datavalue`) values (4424,1,32,'Location','Nueva Ecija');
insert  into `studyrawdata`(`id`,`studyid`,`datarow`,`datacolumn`,`datavalue`) values (4425,1,33,'Location','Nueva Ecija');
insert  into `studyrawdata`(`id`,`studyid`,`datarow`,`datacolumn`,`datavalue`) values (4426,1,34,'Location','Nueva Ecija');
insert  into `studyrawdata`(`id`,`studyid`,`datarow`,`datacolumn`,`datavalue`) values (4427,1,35,'Location','Nueva Ecija');
insert  into `studyrawdata`(`id`,`studyid`,`datarow`,`datacolumn`,`datavalue`) values (4428,1,36,'Location','Nueva Ecija');
insert  into `studyrawdata`(`id`,`studyid`,`datarow`,`datacolumn`,`datavalue`) values (4429,1,37,'Location','Nueva Ecija');
insert  into `studyrawdata`(`id`,`studyid`,`datarow`,`datacolumn`,`datavalue`) values (4430,1,38,'Location','Nueva Ecija');
insert  into `studyrawdata`(`id`,`studyid`,`datarow`,`datacolumn`,`datavalue`) values (4431,1,39,'Location','Nueva Ecija');
insert  into `studyrawdata`(`id`,`studyid`,`datarow`,`datacolumn`,`datavalue`) values (4432,1,40,'Location','Nueva Ecija');
insert  into `studyrawdata`(`id`,`studyid`,`datarow`,`datacolumn`,`datavalue`) values (4433,1,41,'Location','Nueva Ecija');
insert  into `studyrawdata`(`id`,`studyid`,`datarow`,`datacolumn`,`datavalue`) values (4434,1,42,'Location','Nueva Ecija');
insert  into `studyrawdata`(`id`,`studyid`,`datarow`,`datacolumn`,`datavalue`) values (4435,1,43,'Location','Nueva Ecija');
insert  into `studyrawdata`(`id`,`studyid`,`datarow`,`datacolumn`,`datavalue`) values (4436,1,44,'Location','Nueva Ecija');
insert  into `studyrawdata`(`id`,`studyid`,`datarow`,`datacolumn`,`datavalue`) values (4437,1,45,'Location','Nueva Ecija');
insert  into `studyrawdata`(`id`,`studyid`,`datarow`,`datacolumn`,`datavalue`) values (4438,1,46,'Location','Nueva Ecija');
insert  into `studyrawdata`(`id`,`studyid`,`datarow`,`datacolumn`,`datavalue`) values (4439,1,47,'Location','Nueva Ecija');
insert  into `studyrawdata`(`id`,`studyid`,`datarow`,`datacolumn`,`datavalue`) values (4440,1,1,'Site','IRRI');
insert  into `studyrawdata`(`id`,`studyid`,`datarow`,`datacolumn`,`datavalue`) values (4441,1,2,'Site','IRRI');
insert  into `studyrawdata`(`id`,`studyid`,`datarow`,`datacolumn`,`datavalue`) values (4442,1,3,'Site','IRRI');
insert  into `studyrawdata`(`id`,`studyid`,`datarow`,`datacolumn`,`datavalue`) values (4443,1,4,'Site','IRRI');
insert  into `studyrawdata`(`id`,`studyid`,`datarow`,`datacolumn`,`datavalue`) values (4444,1,5,'Site','IRRI');
insert  into `studyrawdata`(`id`,`studyid`,`datarow`,`datacolumn`,`datavalue`) values (4445,1,6,'Site','IRRI');
insert  into `studyrawdata`(`id`,`studyid`,`datarow`,`datacolumn`,`datavalue`) values (4446,1,7,'Site','IRRI');
insert  into `studyrawdata`(`id`,`studyid`,`datarow`,`datacolumn`,`datavalue`) values (4447,1,8,'Site','IRRI');
insert  into `studyrawdata`(`id`,`studyid`,`datarow`,`datacolumn`,`datavalue`) values (4448,1,9,'Site','IRRI');
insert  into `studyrawdata`(`id`,`studyid`,`datarow`,`datacolumn`,`datavalue`) values (4449,1,10,'Site','IRRI');
insert  into `studyrawdata`(`id`,`studyid`,`datarow`,`datacolumn`,`datavalue`) values (4450,1,11,'Site','IRRI');
insert  into `studyrawdata`(`id`,`studyid`,`datarow`,`datacolumn`,`datavalue`) values (4451,1,12,'Site','IRRI');
insert  into `studyrawdata`(`id`,`studyid`,`datarow`,`datacolumn`,`datavalue`) values (4452,1,13,'Site','IRRI');
insert  into `studyrawdata`(`id`,`studyid`,`datarow`,`datacolumn`,`datavalue`) values (4453,1,14,'Site','IRRI');
insert  into `studyrawdata`(`id`,`studyid`,`datarow`,`datacolumn`,`datavalue`) values (4454,1,15,'Site','IRRI');
insert  into `studyrawdata`(`id`,`studyid`,`datarow`,`datacolumn`,`datavalue`) values (4455,1,16,'Site','IRRI');
insert  into `studyrawdata`(`id`,`studyid`,`datarow`,`datacolumn`,`datavalue`) values (4456,1,17,'Site','IRRI');
insert  into `studyrawdata`(`id`,`studyid`,`datarow`,`datacolumn`,`datavalue`) values (4457,1,18,'Site','IRRI');
insert  into `studyrawdata`(`id`,`studyid`,`datarow`,`datacolumn`,`datavalue`) values (4458,1,19,'Site','IRRI');
insert  into `studyrawdata`(`id`,`studyid`,`datarow`,`datacolumn`,`datavalue`) values (4459,1,20,'Site','IRRI');
insert  into `studyrawdata`(`id`,`studyid`,`datarow`,`datacolumn`,`datavalue`) values (4460,1,21,'Site','IRRI');
insert  into `studyrawdata`(`id`,`studyid`,`datarow`,`datacolumn`,`datavalue`) values (4461,1,22,'Site','PhilRice');
insert  into `studyrawdata`(`id`,`studyid`,`datarow`,`datacolumn`,`datavalue`) values (4462,1,23,'Site','PhilRice');
insert  into `studyrawdata`(`id`,`studyid`,`datarow`,`datacolumn`,`datavalue`) values (4463,1,24,'Site','PhilRice');
insert  into `studyrawdata`(`id`,`studyid`,`datarow`,`datacolumn`,`datavalue`) values (4464,1,25,'Site','PhilRice');
insert  into `studyrawdata`(`id`,`studyid`,`datarow`,`datacolumn`,`datavalue`) values (4465,1,26,'Site','PhilRice');
insert  into `studyrawdata`(`id`,`studyid`,`datarow`,`datacolumn`,`datavalue`) values (4466,1,27,'Site','PhilRice');
insert  into `studyrawdata`(`id`,`studyid`,`datarow`,`datacolumn`,`datavalue`) values (4467,1,28,'Site','PhilRice');
insert  into `studyrawdata`(`id`,`studyid`,`datarow`,`datacolumn`,`datavalue`) values (4468,1,29,'Site','PhilRice');
insert  into `studyrawdata`(`id`,`studyid`,`datarow`,`datacolumn`,`datavalue`) values (4469,1,30,'Site','PhilRice');
insert  into `studyrawdata`(`id`,`studyid`,`datarow`,`datacolumn`,`datavalue`) values (4470,1,31,'Site','PhilRice');
insert  into `studyrawdata`(`id`,`studyid`,`datarow`,`datacolumn`,`datavalue`) values (4471,1,32,'Site','PhilRice');
insert  into `studyrawdata`(`id`,`studyid`,`datarow`,`datacolumn`,`datavalue`) values (4472,1,33,'Site','PhilRice');
insert  into `studyrawdata`(`id`,`studyid`,`datarow`,`datacolumn`,`datavalue`) values (4473,1,34,'Site','PhilRice');
insert  into `studyrawdata`(`id`,`studyid`,`datarow`,`datacolumn`,`datavalue`) values (4474,1,35,'Site','PhilRice');
insert  into `studyrawdata`(`id`,`studyid`,`datarow`,`datacolumn`,`datavalue`) values (4475,1,36,'Site','PhilRice');
insert  into `studyrawdata`(`id`,`studyid`,`datarow`,`datacolumn`,`datavalue`) values (4476,1,37,'Site','PhilRice');
insert  into `studyrawdata`(`id`,`studyid`,`datarow`,`datacolumn`,`datavalue`) values (4477,1,38,'Site','PhilRice');
insert  into `studyrawdata`(`id`,`studyid`,`datarow`,`datacolumn`,`datavalue`) values (4478,1,39,'Site','PhilRice');
insert  into `studyrawdata`(`id`,`studyid`,`datarow`,`datacolumn`,`datavalue`) values (4479,1,40,'Site','PhilRice');
insert  into `studyrawdata`(`id`,`studyid`,`datarow`,`datacolumn`,`datavalue`) values (4480,1,41,'Site','PhilRice');
insert  into `studyrawdata`(`id`,`studyid`,`datarow`,`datacolumn`,`datavalue`) values (4481,1,42,'Site','PhilRice');
insert  into `studyrawdata`(`id`,`studyid`,`datarow`,`datacolumn`,`datavalue`) values (4482,1,43,'Site','PhilRice');
insert  into `studyrawdata`(`id`,`studyid`,`datarow`,`datacolumn`,`datavalue`) values (4483,1,44,'Site','PhilRice');
insert  into `studyrawdata`(`id`,`studyid`,`datarow`,`datacolumn`,`datavalue`) values (4484,1,45,'Site','PhilRice');
insert  into `studyrawdata`(`id`,`studyid`,`datarow`,`datacolumn`,`datavalue`) values (4485,1,46,'Site','PhilRice');
insert  into `studyrawdata`(`id`,`studyid`,`datarow`,`datacolumn`,`datavalue`) values (4486,1,47,'Site','PhilRice');
insert  into `studyrawdata`(`id`,`studyid`,`datarow`,`datacolumn`,`datavalue`) values (4487,1,1,'Year','2013');
insert  into `studyrawdata`(`id`,`studyid`,`datarow`,`datacolumn`,`datavalue`) values (4488,1,2,'Year','2013');
insert  into `studyrawdata`(`id`,`studyid`,`datarow`,`datacolumn`,`datavalue`) values (4489,1,3,'Year','2013');
insert  into `studyrawdata`(`id`,`studyid`,`datarow`,`datacolumn`,`datavalue`) values (4490,1,4,'Year','2013');
insert  into `studyrawdata`(`id`,`studyid`,`datarow`,`datacolumn`,`datavalue`) values (4491,1,5,'Year','2013');
insert  into `studyrawdata`(`id`,`studyid`,`datarow`,`datacolumn`,`datavalue`) values (4492,1,6,'Year','2013');
insert  into `studyrawdata`(`id`,`studyid`,`datarow`,`datacolumn`,`datavalue`) values (4493,1,7,'Year','2013');
insert  into `studyrawdata`(`id`,`studyid`,`datarow`,`datacolumn`,`datavalue`) values (4494,1,8,'Year','2013');
insert  into `studyrawdata`(`id`,`studyid`,`datarow`,`datacolumn`,`datavalue`) values (4495,1,9,'Year','2013');
insert  into `studyrawdata`(`id`,`studyid`,`datarow`,`datacolumn`,`datavalue`) values (4496,1,10,'Year','2013');
insert  into `studyrawdata`(`id`,`studyid`,`datarow`,`datacolumn`,`datavalue`) values (4497,1,11,'Year','2013');
insert  into `studyrawdata`(`id`,`studyid`,`datarow`,`datacolumn`,`datavalue`) values (4498,1,12,'Year','2013');
insert  into `studyrawdata`(`id`,`studyid`,`datarow`,`datacolumn`,`datavalue`) values (4499,1,13,'Year','2013');
insert  into `studyrawdata`(`id`,`studyid`,`datarow`,`datacolumn`,`datavalue`) values (4500,1,14,'Year','2013');
insert  into `studyrawdata`(`id`,`studyid`,`datarow`,`datacolumn`,`datavalue`) values (4501,1,15,'Year','2013');
insert  into `studyrawdata`(`id`,`studyid`,`datarow`,`datacolumn`,`datavalue`) values (4502,1,16,'Year','2013');
insert  into `studyrawdata`(`id`,`studyid`,`datarow`,`datacolumn`,`datavalue`) values (4503,1,17,'Year','2013');
insert  into `studyrawdata`(`id`,`studyid`,`datarow`,`datacolumn`,`datavalue`) values (4504,1,18,'Year','2013');
insert  into `studyrawdata`(`id`,`studyid`,`datarow`,`datacolumn`,`datavalue`) values (4505,1,19,'Year','2013');
insert  into `studyrawdata`(`id`,`studyid`,`datarow`,`datacolumn`,`datavalue`) values (4506,1,20,'Year','2013');
insert  into `studyrawdata`(`id`,`studyid`,`datarow`,`datacolumn`,`datavalue`) values (4507,1,21,'Year','2013');
insert  into `studyrawdata`(`id`,`studyid`,`datarow`,`datacolumn`,`datavalue`) values (4508,1,22,'Year','2013');
insert  into `studyrawdata`(`id`,`studyid`,`datarow`,`datacolumn`,`datavalue`) values (4509,1,23,'Year','2013');
insert  into `studyrawdata`(`id`,`studyid`,`datarow`,`datacolumn`,`datavalue`) values (4510,1,24,'Year','2013');
insert  into `studyrawdata`(`id`,`studyid`,`datarow`,`datacolumn`,`datavalue`) values (4511,1,25,'Year','2013');
insert  into `studyrawdata`(`id`,`studyid`,`datarow`,`datacolumn`,`datavalue`) values (4512,1,26,'Year','2013');
insert  into `studyrawdata`(`id`,`studyid`,`datarow`,`datacolumn`,`datavalue`) values (4513,1,27,'Year','2013');
insert  into `studyrawdata`(`id`,`studyid`,`datarow`,`datacolumn`,`datavalue`) values (4514,1,28,'Year','2013');
insert  into `studyrawdata`(`id`,`studyid`,`datarow`,`datacolumn`,`datavalue`) values (4515,1,29,'Year','2013');
insert  into `studyrawdata`(`id`,`studyid`,`datarow`,`datacolumn`,`datavalue`) values (4516,1,30,'Year','2013');
insert  into `studyrawdata`(`id`,`studyid`,`datarow`,`datacolumn`,`datavalue`) values (4517,1,31,'Year','2013');
insert  into `studyrawdata`(`id`,`studyid`,`datarow`,`datacolumn`,`datavalue`) values (4518,1,32,'Year','2013');
insert  into `studyrawdata`(`id`,`studyid`,`datarow`,`datacolumn`,`datavalue`) values (4519,1,33,'Year','2013');
insert  into `studyrawdata`(`id`,`studyid`,`datarow`,`datacolumn`,`datavalue`) values (4520,1,34,'Year','2013');
insert  into `studyrawdata`(`id`,`studyid`,`datarow`,`datacolumn`,`datavalue`) values (4521,1,35,'Year','2013');
insert  into `studyrawdata`(`id`,`studyid`,`datarow`,`datacolumn`,`datavalue`) values (4522,1,36,'Year','2013');
insert  into `studyrawdata`(`id`,`studyid`,`datarow`,`datacolumn`,`datavalue`) values (4523,1,37,'Year','2013');
insert  into `studyrawdata`(`id`,`studyid`,`datarow`,`datacolumn`,`datavalue`) values (4524,1,38,'Year','2013');
insert  into `studyrawdata`(`id`,`studyid`,`datarow`,`datacolumn`,`datavalue`) values (4525,1,39,'Year','2013');
insert  into `studyrawdata`(`id`,`studyid`,`datarow`,`datacolumn`,`datavalue`) values (4526,1,40,'Year','2013');
insert  into `studyrawdata`(`id`,`studyid`,`datarow`,`datacolumn`,`datavalue`) values (4527,1,41,'Year','2013');
insert  into `studyrawdata`(`id`,`studyid`,`datarow`,`datacolumn`,`datavalue`) values (4528,1,42,'Year','2013');
insert  into `studyrawdata`(`id`,`studyid`,`datarow`,`datacolumn`,`datavalue`) values (4529,1,43,'Year','2013');
insert  into `studyrawdata`(`id`,`studyid`,`datarow`,`datacolumn`,`datavalue`) values (4530,1,44,'Year','2013');
insert  into `studyrawdata`(`id`,`studyid`,`datarow`,`datacolumn`,`datavalue`) values (4531,1,45,'Year','2013');
insert  into `studyrawdata`(`id`,`studyid`,`datarow`,`datacolumn`,`datavalue`) values (4532,1,46,'Year','2013');
insert  into `studyrawdata`(`id`,`studyid`,`datarow`,`datacolumn`,`datavalue`) values (4533,1,47,'Year','2013');
insert  into `studyrawdata`(`id`,`studyid`,`datarow`,`datacolumn`,`datavalue`) values (4534,1,1,'Season','D');
insert  into `studyrawdata`(`id`,`studyid`,`datarow`,`datacolumn`,`datavalue`) values (4535,1,2,'Season','D');
insert  into `studyrawdata`(`id`,`studyid`,`datarow`,`datacolumn`,`datavalue`) values (4536,1,3,'Season','D');
insert  into `studyrawdata`(`id`,`studyid`,`datarow`,`datacolumn`,`datavalue`) values (4537,1,4,'Season','D');
insert  into `studyrawdata`(`id`,`studyid`,`datarow`,`datacolumn`,`datavalue`) values (4538,1,5,'Season','D');
insert  into `studyrawdata`(`id`,`studyid`,`datarow`,`datacolumn`,`datavalue`) values (4539,1,6,'Season','D');
insert  into `studyrawdata`(`id`,`studyid`,`datarow`,`datacolumn`,`datavalue`) values (4540,1,7,'Season','D');
insert  into `studyrawdata`(`id`,`studyid`,`datarow`,`datacolumn`,`datavalue`) values (4541,1,8,'Season','D');
insert  into `studyrawdata`(`id`,`studyid`,`datarow`,`datacolumn`,`datavalue`) values (4542,1,9,'Season','D');
insert  into `studyrawdata`(`id`,`studyid`,`datarow`,`datacolumn`,`datavalue`) values (4543,1,10,'Season','D');
insert  into `studyrawdata`(`id`,`studyid`,`datarow`,`datacolumn`,`datavalue`) values (4544,1,11,'Season','D');
insert  into `studyrawdata`(`id`,`studyid`,`datarow`,`datacolumn`,`datavalue`) values (4545,1,12,'Season','D');
insert  into `studyrawdata`(`id`,`studyid`,`datarow`,`datacolumn`,`datavalue`) values (4546,1,13,'Season','D');
insert  into `studyrawdata`(`id`,`studyid`,`datarow`,`datacolumn`,`datavalue`) values (4547,1,14,'Season','D');
insert  into `studyrawdata`(`id`,`studyid`,`datarow`,`datacolumn`,`datavalue`) values (4548,1,15,'Season','D');
insert  into `studyrawdata`(`id`,`studyid`,`datarow`,`datacolumn`,`datavalue`) values (4549,1,16,'Season','D');
insert  into `studyrawdata`(`id`,`studyid`,`datarow`,`datacolumn`,`datavalue`) values (4550,1,17,'Season','D');
insert  into `studyrawdata`(`id`,`studyid`,`datarow`,`datacolumn`,`datavalue`) values (4551,1,18,'Season','D');
insert  into `studyrawdata`(`id`,`studyid`,`datarow`,`datacolumn`,`datavalue`) values (4552,1,19,'Season','D');
insert  into `studyrawdata`(`id`,`studyid`,`datarow`,`datacolumn`,`datavalue`) values (4553,1,20,'Season','D');
insert  into `studyrawdata`(`id`,`studyid`,`datarow`,`datacolumn`,`datavalue`) values (4554,1,21,'Season','D');
insert  into `studyrawdata`(`id`,`studyid`,`datarow`,`datacolumn`,`datavalue`) values (4555,1,22,'Season','D');
insert  into `studyrawdata`(`id`,`studyid`,`datarow`,`datacolumn`,`datavalue`) values (4556,1,23,'Season','D');
insert  into `studyrawdata`(`id`,`studyid`,`datarow`,`datacolumn`,`datavalue`) values (4557,1,24,'Season','D');
insert  into `studyrawdata`(`id`,`studyid`,`datarow`,`datacolumn`,`datavalue`) values (4558,1,25,'Season','D');
insert  into `studyrawdata`(`id`,`studyid`,`datarow`,`datacolumn`,`datavalue`) values (4559,1,26,'Season','D');
insert  into `studyrawdata`(`id`,`studyid`,`datarow`,`datacolumn`,`datavalue`) values (4560,1,27,'Season','D');
insert  into `studyrawdata`(`id`,`studyid`,`datarow`,`datacolumn`,`datavalue`) values (4561,1,28,'Season','D');
insert  into `studyrawdata`(`id`,`studyid`,`datarow`,`datacolumn`,`datavalue`) values (4562,1,29,'Season','D');
insert  into `studyrawdata`(`id`,`studyid`,`datarow`,`datacolumn`,`datavalue`) values (4563,1,30,'Season','D');
insert  into `studyrawdata`(`id`,`studyid`,`datarow`,`datacolumn`,`datavalue`) values (4564,1,31,'Season','D');
insert  into `studyrawdata`(`id`,`studyid`,`datarow`,`datacolumn`,`datavalue`) values (4565,1,32,'Season','D');
insert  into `studyrawdata`(`id`,`studyid`,`datarow`,`datacolumn`,`datavalue`) values (4566,1,33,'Season','D');
insert  into `studyrawdata`(`id`,`studyid`,`datarow`,`datacolumn`,`datavalue`) values (4567,1,34,'Season','D');
insert  into `studyrawdata`(`id`,`studyid`,`datarow`,`datacolumn`,`datavalue`) values (4568,1,35,'Season','D');
insert  into `studyrawdata`(`id`,`studyid`,`datarow`,`datacolumn`,`datavalue`) values (4569,1,36,'Season','D');
insert  into `studyrawdata`(`id`,`studyid`,`datarow`,`datacolumn`,`datavalue`) values (4570,1,37,'Season','D');
insert  into `studyrawdata`(`id`,`studyid`,`datarow`,`datacolumn`,`datavalue`) values (4571,1,38,'Season','D');
insert  into `studyrawdata`(`id`,`studyid`,`datarow`,`datacolumn`,`datavalue`) values (4572,1,39,'Season','D');
insert  into `studyrawdata`(`id`,`studyid`,`datarow`,`datacolumn`,`datavalue`) values (4573,1,40,'Season','D');
insert  into `studyrawdata`(`id`,`studyid`,`datarow`,`datacolumn`,`datavalue`) values (4574,1,41,'Season','D');
insert  into `studyrawdata`(`id`,`studyid`,`datarow`,`datacolumn`,`datavalue`) values (4575,1,42,'Season','D');
insert  into `studyrawdata`(`id`,`studyid`,`datarow`,`datacolumn`,`datavalue`) values (4576,1,43,'Season','D');
insert  into `studyrawdata`(`id`,`studyid`,`datarow`,`datacolumn`,`datavalue`) values (4577,1,44,'Season','D');
insert  into `studyrawdata`(`id`,`studyid`,`datarow`,`datacolumn`,`datavalue`) values (4578,1,45,'Season','D');
insert  into `studyrawdata`(`id`,`studyid`,`datarow`,`datacolumn`,`datavalue`) values (4579,1,46,'Season','D');
insert  into `studyrawdata`(`id`,`studyid`,`datarow`,`datacolumn`,`datavalue`) values (4580,1,47,'Season','D');
insert  into `studyrawdata`(`id`,`studyid`,`datarow`,`datacolumn`,`datavalue`) values (4581,1,1,'Rep','1');
insert  into `studyrawdata`(`id`,`studyid`,`datarow`,`datacolumn`,`datavalue`) values (4582,1,2,'Rep','1');
insert  into `studyrawdata`(`id`,`studyid`,`datarow`,`datacolumn`,`datavalue`) values (4583,1,3,'Rep','1');
insert  into `studyrawdata`(`id`,`studyid`,`datarow`,`datacolumn`,`datavalue`) values (4584,1,4,'Rep','1');
insert  into `studyrawdata`(`id`,`studyid`,`datarow`,`datacolumn`,`datavalue`) values (4585,1,5,'Rep','1');
insert  into `studyrawdata`(`id`,`studyid`,`datarow`,`datacolumn`,`datavalue`) values (4586,1,6,'Rep','1');
insert  into `studyrawdata`(`id`,`studyid`,`datarow`,`datacolumn`,`datavalue`) values (4587,1,7,'Rep','1');
insert  into `studyrawdata`(`id`,`studyid`,`datarow`,`datacolumn`,`datavalue`) values (4588,1,8,'Rep','2');
insert  into `studyrawdata`(`id`,`studyid`,`datarow`,`datacolumn`,`datavalue`) values (4589,1,9,'Rep','2');
insert  into `studyrawdata`(`id`,`studyid`,`datarow`,`datacolumn`,`datavalue`) values (4590,1,10,'Rep','2');
insert  into `studyrawdata`(`id`,`studyid`,`datarow`,`datacolumn`,`datavalue`) values (4591,1,11,'Rep','2');
insert  into `studyrawdata`(`id`,`studyid`,`datarow`,`datacolumn`,`datavalue`) values (4592,1,12,'Rep','2');
insert  into `studyrawdata`(`id`,`studyid`,`datarow`,`datacolumn`,`datavalue`) values (4593,1,13,'Rep','2');
insert  into `studyrawdata`(`id`,`studyid`,`datarow`,`datacolumn`,`datavalue`) values (4594,1,14,'Rep','2');
insert  into `studyrawdata`(`id`,`studyid`,`datarow`,`datacolumn`,`datavalue`) values (4595,1,15,'Rep','3');
insert  into `studyrawdata`(`id`,`studyid`,`datarow`,`datacolumn`,`datavalue`) values (4596,1,16,'Rep','3');
insert  into `studyrawdata`(`id`,`studyid`,`datarow`,`datacolumn`,`datavalue`) values (4597,1,17,'Rep','3');
insert  into `studyrawdata`(`id`,`studyid`,`datarow`,`datacolumn`,`datavalue`) values (4598,1,18,'Rep','3');
insert  into `studyrawdata`(`id`,`studyid`,`datarow`,`datacolumn`,`datavalue`) values (4599,1,19,'Rep','3');
insert  into `studyrawdata`(`id`,`studyid`,`datarow`,`datacolumn`,`datavalue`) values (4600,1,20,'Rep','3');
insert  into `studyrawdata`(`id`,`studyid`,`datarow`,`datacolumn`,`datavalue`) values (4601,1,21,'Rep','3');
insert  into `studyrawdata`(`id`,`studyid`,`datarow`,`datacolumn`,`datavalue`) values (4602,1,22,'Rep','1');
insert  into `studyrawdata`(`id`,`studyid`,`datarow`,`datacolumn`,`datavalue`) values (4603,1,23,'Rep','1');
insert  into `studyrawdata`(`id`,`studyid`,`datarow`,`datacolumn`,`datavalue`) values (4604,1,24,'Rep','1');
insert  into `studyrawdata`(`id`,`studyid`,`datarow`,`datacolumn`,`datavalue`) values (4605,1,25,'Rep','1');
insert  into `studyrawdata`(`id`,`studyid`,`datarow`,`datacolumn`,`datavalue`) values (4606,1,26,'Rep','1');
insert  into `studyrawdata`(`id`,`studyid`,`datarow`,`datacolumn`,`datavalue`) values (4607,1,27,'Rep','1');
insert  into `studyrawdata`(`id`,`studyid`,`datarow`,`datacolumn`,`datavalue`) values (4608,1,28,'Rep','1');
insert  into `studyrawdata`(`id`,`studyid`,`datarow`,`datacolumn`,`datavalue`) values (4609,1,29,'Rep','1');
insert  into `studyrawdata`(`id`,`studyid`,`datarow`,`datacolumn`,`datavalue`) values (4610,1,30,'Rep','1');
insert  into `studyrawdata`(`id`,`studyid`,`datarow`,`datacolumn`,`datavalue`) values (4611,1,31,'Rep','2');
insert  into `studyrawdata`(`id`,`studyid`,`datarow`,`datacolumn`,`datavalue`) values (4612,1,32,'Rep','2');
insert  into `studyrawdata`(`id`,`studyid`,`datarow`,`datacolumn`,`datavalue`) values (4613,1,33,'Rep','2');
insert  into `studyrawdata`(`id`,`studyid`,`datarow`,`datacolumn`,`datavalue`) values (4614,1,34,'Rep','2');
insert  into `studyrawdata`(`id`,`studyid`,`datarow`,`datacolumn`,`datavalue`) values (4615,1,35,'Rep','2');
insert  into `studyrawdata`(`id`,`studyid`,`datarow`,`datacolumn`,`datavalue`) values (4616,1,36,'Rep','1');
insert  into `studyrawdata`(`id`,`studyid`,`datarow`,`datacolumn`,`datavalue`) values (4617,1,37,'Rep','1');
insert  into `studyrawdata`(`id`,`studyid`,`datarow`,`datacolumn`,`datavalue`) values (4618,1,38,'Rep','1');
insert  into `studyrawdata`(`id`,`studyid`,`datarow`,`datacolumn`,`datavalue`) values (4619,1,39,'Rep','1');
insert  into `studyrawdata`(`id`,`studyid`,`datarow`,`datacolumn`,`datavalue`) values (4620,1,40,'Rep','3');
insert  into `studyrawdata`(`id`,`studyid`,`datarow`,`datacolumn`,`datavalue`) values (4621,1,41,'Rep','3');
insert  into `studyrawdata`(`id`,`studyid`,`datarow`,`datacolumn`,`datavalue`) values (4622,1,42,'Rep','3');
insert  into `studyrawdata`(`id`,`studyid`,`datarow`,`datacolumn`,`datavalue`) values (4623,1,43,'Rep','3');
insert  into `studyrawdata`(`id`,`studyid`,`datarow`,`datacolumn`,`datavalue`) values (4624,1,44,'Rep','1');
insert  into `studyrawdata`(`id`,`studyid`,`datarow`,`datacolumn`,`datavalue`) values (4625,1,45,'Rep','1');
insert  into `studyrawdata`(`id`,`studyid`,`datarow`,`datacolumn`,`datavalue`) values (4626,1,46,'Rep','1');
insert  into `studyrawdata`(`id`,`studyid`,`datarow`,`datacolumn`,`datavalue`) values (4627,1,47,'Rep','1');
insert  into `studyrawdata`(`id`,`studyid`,`datarow`,`datacolumn`,`datavalue`) values (4628,1,1,'RowBlock','na');
insert  into `studyrawdata`(`id`,`studyid`,`datarow`,`datacolumn`,`datavalue`) values (4629,1,2,'RowBlock','na');
insert  into `studyrawdata`(`id`,`studyid`,`datarow`,`datacolumn`,`datavalue`) values (4630,1,3,'RowBlock','na');
insert  into `studyrawdata`(`id`,`studyid`,`datarow`,`datacolumn`,`datavalue`) values (4631,1,4,'RowBlock','na');
insert  into `studyrawdata`(`id`,`studyid`,`datarow`,`datacolumn`,`datavalue`) values (4632,1,5,'RowBlock','na');
insert  into `studyrawdata`(`id`,`studyid`,`datarow`,`datacolumn`,`datavalue`) values (4633,1,6,'RowBlock','na');
insert  into `studyrawdata`(`id`,`studyid`,`datarow`,`datacolumn`,`datavalue`) values (4634,1,7,'RowBlock','na');
insert  into `studyrawdata`(`id`,`studyid`,`datarow`,`datacolumn`,`datavalue`) values (4635,1,8,'RowBlock','na');
insert  into `studyrawdata`(`id`,`studyid`,`datarow`,`datacolumn`,`datavalue`) values (4636,1,9,'RowBlock','na');
insert  into `studyrawdata`(`id`,`studyid`,`datarow`,`datacolumn`,`datavalue`) values (4637,1,10,'RowBlock','na');
insert  into `studyrawdata`(`id`,`studyid`,`datarow`,`datacolumn`,`datavalue`) values (4638,1,11,'RowBlock','na');
insert  into `studyrawdata`(`id`,`studyid`,`datarow`,`datacolumn`,`datavalue`) values (4639,1,12,'RowBlock','na');
insert  into `studyrawdata`(`id`,`studyid`,`datarow`,`datacolumn`,`datavalue`) values (4640,1,13,'RowBlock','na');
insert  into `studyrawdata`(`id`,`studyid`,`datarow`,`datacolumn`,`datavalue`) values (4641,1,14,'RowBlock','na');
insert  into `studyrawdata`(`id`,`studyid`,`datarow`,`datacolumn`,`datavalue`) values (4642,1,15,'RowBlock','na');
insert  into `studyrawdata`(`id`,`studyid`,`datarow`,`datacolumn`,`datavalue`) values (4643,1,16,'RowBlock','na');
insert  into `studyrawdata`(`id`,`studyid`,`datarow`,`datacolumn`,`datavalue`) values (4644,1,17,'RowBlock','na');
insert  into `studyrawdata`(`id`,`studyid`,`datarow`,`datacolumn`,`datavalue`) values (4645,1,18,'RowBlock','na');
insert  into `studyrawdata`(`id`,`studyid`,`datarow`,`datacolumn`,`datavalue`) values (4646,1,19,'RowBlock','na');
insert  into `studyrawdata`(`id`,`studyid`,`datarow`,`datacolumn`,`datavalue`) values (4647,1,20,'RowBlock','na');
insert  into `studyrawdata`(`id`,`studyid`,`datarow`,`datacolumn`,`datavalue`) values (4648,1,21,'RowBlock','na');
insert  into `studyrawdata`(`id`,`studyid`,`datarow`,`datacolumn`,`datavalue`) values (4649,1,22,'RowBlock','na');
insert  into `studyrawdata`(`id`,`studyid`,`datarow`,`datacolumn`,`datavalue`) values (4650,1,23,'RowBlock','na');
insert  into `studyrawdata`(`id`,`studyid`,`datarow`,`datacolumn`,`datavalue`) values (4651,1,24,'RowBlock','na');
insert  into `studyrawdata`(`id`,`studyid`,`datarow`,`datacolumn`,`datavalue`) values (4652,1,25,'RowBlock','na');
insert  into `studyrawdata`(`id`,`studyid`,`datarow`,`datacolumn`,`datavalue`) values (4653,1,26,'RowBlock','na');
insert  into `studyrawdata`(`id`,`studyid`,`datarow`,`datacolumn`,`datavalue`) values (4654,1,27,'RowBlock','na');
insert  into `studyrawdata`(`id`,`studyid`,`datarow`,`datacolumn`,`datavalue`) values (4655,1,28,'RowBlock','na');
insert  into `studyrawdata`(`id`,`studyid`,`datarow`,`datacolumn`,`datavalue`) values (4656,1,29,'RowBlock','na');
insert  into `studyrawdata`(`id`,`studyid`,`datarow`,`datacolumn`,`datavalue`) values (4657,1,30,'RowBlock','na');
insert  into `studyrawdata`(`id`,`studyid`,`datarow`,`datacolumn`,`datavalue`) values (4658,1,31,'RowBlock','na');
insert  into `studyrawdata`(`id`,`studyid`,`datarow`,`datacolumn`,`datavalue`) values (4659,1,32,'RowBlock','na');
insert  into `studyrawdata`(`id`,`studyid`,`datarow`,`datacolumn`,`datavalue`) values (4660,1,33,'RowBlock','na');
insert  into `studyrawdata`(`id`,`studyid`,`datarow`,`datacolumn`,`datavalue`) values (4661,1,34,'RowBlock','na');
insert  into `studyrawdata`(`id`,`studyid`,`datarow`,`datacolumn`,`datavalue`) values (4662,1,35,'RowBlock','na');
insert  into `studyrawdata`(`id`,`studyid`,`datarow`,`datacolumn`,`datavalue`) values (4663,1,36,'RowBlock','na');
insert  into `studyrawdata`(`id`,`studyid`,`datarow`,`datacolumn`,`datavalue`) values (4664,1,37,'RowBlock','na');
insert  into `studyrawdata`(`id`,`studyid`,`datarow`,`datacolumn`,`datavalue`) values (4665,1,38,'RowBlock','na');
insert  into `studyrawdata`(`id`,`studyid`,`datarow`,`datacolumn`,`datavalue`) values (4666,1,39,'RowBlock','na');
insert  into `studyrawdata`(`id`,`studyid`,`datarow`,`datacolumn`,`datavalue`) values (4667,1,40,'RowBlock','na');
insert  into `studyrawdata`(`id`,`studyid`,`datarow`,`datacolumn`,`datavalue`) values (4668,1,41,'RowBlock','na');
insert  into `studyrawdata`(`id`,`studyid`,`datarow`,`datacolumn`,`datavalue`) values (4669,1,42,'RowBlock','na');
insert  into `studyrawdata`(`id`,`studyid`,`datarow`,`datacolumn`,`datavalue`) values (4670,1,43,'RowBlock','na');
insert  into `studyrawdata`(`id`,`studyid`,`datarow`,`datacolumn`,`datavalue`) values (4671,1,44,'RowBlock','na');
insert  into `studyrawdata`(`id`,`studyid`,`datarow`,`datacolumn`,`datavalue`) values (4672,1,45,'RowBlock','na');
insert  into `studyrawdata`(`id`,`studyid`,`datarow`,`datacolumn`,`datavalue`) values (4673,1,46,'RowBlock','na');
insert  into `studyrawdata`(`id`,`studyid`,`datarow`,`datacolumn`,`datavalue`) values (4674,1,47,'RowBlock','na');
insert  into `studyrawdata`(`id`,`studyid`,`datarow`,`datacolumn`,`datavalue`) values (4675,1,1,'ColBlock','na');
insert  into `studyrawdata`(`id`,`studyid`,`datarow`,`datacolumn`,`datavalue`) values (4676,1,2,'ColBlock','na');
insert  into `studyrawdata`(`id`,`studyid`,`datarow`,`datacolumn`,`datavalue`) values (4677,1,3,'ColBlock','na');
insert  into `studyrawdata`(`id`,`studyid`,`datarow`,`datacolumn`,`datavalue`) values (4678,1,4,'ColBlock','na');
insert  into `studyrawdata`(`id`,`studyid`,`datarow`,`datacolumn`,`datavalue`) values (4679,1,5,'ColBlock','na');
insert  into `studyrawdata`(`id`,`studyid`,`datarow`,`datacolumn`,`datavalue`) values (4680,1,6,'ColBlock','na');
insert  into `studyrawdata`(`id`,`studyid`,`datarow`,`datacolumn`,`datavalue`) values (4681,1,7,'ColBlock','na');
insert  into `studyrawdata`(`id`,`studyid`,`datarow`,`datacolumn`,`datavalue`) values (4682,1,8,'ColBlock','na');
insert  into `studyrawdata`(`id`,`studyid`,`datarow`,`datacolumn`,`datavalue`) values (4683,1,9,'ColBlock','na');
insert  into `studyrawdata`(`id`,`studyid`,`datarow`,`datacolumn`,`datavalue`) values (4684,1,10,'ColBlock','na');
insert  into `studyrawdata`(`id`,`studyid`,`datarow`,`datacolumn`,`datavalue`) values (4685,1,11,'ColBlock','na');
insert  into `studyrawdata`(`id`,`studyid`,`datarow`,`datacolumn`,`datavalue`) values (4686,1,12,'ColBlock','na');
insert  into `studyrawdata`(`id`,`studyid`,`datarow`,`datacolumn`,`datavalue`) values (4687,1,13,'ColBlock','na');
insert  into `studyrawdata`(`id`,`studyid`,`datarow`,`datacolumn`,`datavalue`) values (4688,1,14,'ColBlock','na');
insert  into `studyrawdata`(`id`,`studyid`,`datarow`,`datacolumn`,`datavalue`) values (4689,1,15,'ColBlock','na');
insert  into `studyrawdata`(`id`,`studyid`,`datarow`,`datacolumn`,`datavalue`) values (4690,1,16,'ColBlock','na');
insert  into `studyrawdata`(`id`,`studyid`,`datarow`,`datacolumn`,`datavalue`) values (4691,1,17,'ColBlock','na');
insert  into `studyrawdata`(`id`,`studyid`,`datarow`,`datacolumn`,`datavalue`) values (4692,1,18,'ColBlock','na');
insert  into `studyrawdata`(`id`,`studyid`,`datarow`,`datacolumn`,`datavalue`) values (4693,1,19,'ColBlock','na');
insert  into `studyrawdata`(`id`,`studyid`,`datarow`,`datacolumn`,`datavalue`) values (4694,1,20,'ColBlock','na');
insert  into `studyrawdata`(`id`,`studyid`,`datarow`,`datacolumn`,`datavalue`) values (4695,1,21,'ColBlock','na');
insert  into `studyrawdata`(`id`,`studyid`,`datarow`,`datacolumn`,`datavalue`) values (4696,1,22,'ColBlock','na');
insert  into `studyrawdata`(`id`,`studyid`,`datarow`,`datacolumn`,`datavalue`) values (4697,1,23,'ColBlock','na');
insert  into `studyrawdata`(`id`,`studyid`,`datarow`,`datacolumn`,`datavalue`) values (4698,1,24,'ColBlock','na');
insert  into `studyrawdata`(`id`,`studyid`,`datarow`,`datacolumn`,`datavalue`) values (4699,1,25,'ColBlock','na');
insert  into `studyrawdata`(`id`,`studyid`,`datarow`,`datacolumn`,`datavalue`) values (4700,1,26,'ColBlock','na');
insert  into `studyrawdata`(`id`,`studyid`,`datarow`,`datacolumn`,`datavalue`) values (4701,1,27,'ColBlock','na');
insert  into `studyrawdata`(`id`,`studyid`,`datarow`,`datacolumn`,`datavalue`) values (4702,1,28,'ColBlock','na');
insert  into `studyrawdata`(`id`,`studyid`,`datarow`,`datacolumn`,`datavalue`) values (4703,1,29,'ColBlock','na');
insert  into `studyrawdata`(`id`,`studyid`,`datarow`,`datacolumn`,`datavalue`) values (4704,1,30,'ColBlock','na');
insert  into `studyrawdata`(`id`,`studyid`,`datarow`,`datacolumn`,`datavalue`) values (4705,1,31,'ColBlock','na');
insert  into `studyrawdata`(`id`,`studyid`,`datarow`,`datacolumn`,`datavalue`) values (4706,1,32,'ColBlock','na');
insert  into `studyrawdata`(`id`,`studyid`,`datarow`,`datacolumn`,`datavalue`) values (4707,1,33,'ColBlock','na');
insert  into `studyrawdata`(`id`,`studyid`,`datarow`,`datacolumn`,`datavalue`) values (4708,1,34,'ColBlock','na');
insert  into `studyrawdata`(`id`,`studyid`,`datarow`,`datacolumn`,`datavalue`) values (4709,1,35,'ColBlock','na');
insert  into `studyrawdata`(`id`,`studyid`,`datarow`,`datacolumn`,`datavalue`) values (4710,1,36,'ColBlock','na');
insert  into `studyrawdata`(`id`,`studyid`,`datarow`,`datacolumn`,`datavalue`) values (4711,1,37,'ColBlock','na');
insert  into `studyrawdata`(`id`,`studyid`,`datarow`,`datacolumn`,`datavalue`) values (4712,1,38,'ColBlock','na');
insert  into `studyrawdata`(`id`,`studyid`,`datarow`,`datacolumn`,`datavalue`) values (4713,1,39,'ColBlock','na');
insert  into `studyrawdata`(`id`,`studyid`,`datarow`,`datacolumn`,`datavalue`) values (4714,1,40,'ColBlock','na');
insert  into `studyrawdata`(`id`,`studyid`,`datarow`,`datacolumn`,`datavalue`) values (4715,1,41,'ColBlock','na');
insert  into `studyrawdata`(`id`,`studyid`,`datarow`,`datacolumn`,`datavalue`) values (4716,1,42,'ColBlock','na');
insert  into `studyrawdata`(`id`,`studyid`,`datarow`,`datacolumn`,`datavalue`) values (4717,1,43,'ColBlock','na');
insert  into `studyrawdata`(`id`,`studyid`,`datarow`,`datacolumn`,`datavalue`) values (4718,1,44,'ColBlock','na');
insert  into `studyrawdata`(`id`,`studyid`,`datarow`,`datacolumn`,`datavalue`) values (4719,1,45,'ColBlock','na');
insert  into `studyrawdata`(`id`,`studyid`,`datarow`,`datacolumn`,`datavalue`) values (4720,1,46,'ColBlock','na');
insert  into `studyrawdata`(`id`,`studyid`,`datarow`,`datacolumn`,`datavalue`) values (4721,1,47,'ColBlock','na');
insert  into `studyrawdata`(`id`,`studyid`,`datarow`,`datacolumn`,`datavalue`) values (4722,1,1,'Block','1');
insert  into `studyrawdata`(`id`,`studyid`,`datarow`,`datacolumn`,`datavalue`) values (4723,1,2,'Block','1');
insert  into `studyrawdata`(`id`,`studyid`,`datarow`,`datacolumn`,`datavalue`) values (4724,1,3,'Block','1');
insert  into `studyrawdata`(`id`,`studyid`,`datarow`,`datacolumn`,`datavalue`) values (4725,1,4,'Block','1');
insert  into `studyrawdata`(`id`,`studyid`,`datarow`,`datacolumn`,`datavalue`) values (4726,1,5,'Block','1');
insert  into `studyrawdata`(`id`,`studyid`,`datarow`,`datacolumn`,`datavalue`) values (4727,1,6,'Block','1');
insert  into `studyrawdata`(`id`,`studyid`,`datarow`,`datacolumn`,`datavalue`) values (4728,1,7,'Block','1');
insert  into `studyrawdata`(`id`,`studyid`,`datarow`,`datacolumn`,`datavalue`) values (4729,1,8,'Block','2');
insert  into `studyrawdata`(`id`,`studyid`,`datarow`,`datacolumn`,`datavalue`) values (4730,1,9,'Block','2');
insert  into `studyrawdata`(`id`,`studyid`,`datarow`,`datacolumn`,`datavalue`) values (4731,1,10,'Block','2');
insert  into `studyrawdata`(`id`,`studyid`,`datarow`,`datacolumn`,`datavalue`) values (4732,1,11,'Block','2');
insert  into `studyrawdata`(`id`,`studyid`,`datarow`,`datacolumn`,`datavalue`) values (4733,1,12,'Block','2');
insert  into `studyrawdata`(`id`,`studyid`,`datarow`,`datacolumn`,`datavalue`) values (4734,1,13,'Block','2');
insert  into `studyrawdata`(`id`,`studyid`,`datarow`,`datacolumn`,`datavalue`) values (4735,1,14,'Block','2');
insert  into `studyrawdata`(`id`,`studyid`,`datarow`,`datacolumn`,`datavalue`) values (4736,1,15,'Block','3');
insert  into `studyrawdata`(`id`,`studyid`,`datarow`,`datacolumn`,`datavalue`) values (4737,1,16,'Block','3');
insert  into `studyrawdata`(`id`,`studyid`,`datarow`,`datacolumn`,`datavalue`) values (4738,1,17,'Block','3');
insert  into `studyrawdata`(`id`,`studyid`,`datarow`,`datacolumn`,`datavalue`) values (4739,1,18,'Block','3');
insert  into `studyrawdata`(`id`,`studyid`,`datarow`,`datacolumn`,`datavalue`) values (4740,1,19,'Block','3');
insert  into `studyrawdata`(`id`,`studyid`,`datarow`,`datacolumn`,`datavalue`) values (4741,1,20,'Block','3');
insert  into `studyrawdata`(`id`,`studyid`,`datarow`,`datacolumn`,`datavalue`) values (4742,1,21,'Block','3');
insert  into `studyrawdata`(`id`,`studyid`,`datarow`,`datacolumn`,`datavalue`) values (4743,1,22,'Block','1');
insert  into `studyrawdata`(`id`,`studyid`,`datarow`,`datacolumn`,`datavalue`) values (4744,1,23,'Block','1');
insert  into `studyrawdata`(`id`,`studyid`,`datarow`,`datacolumn`,`datavalue`) values (4745,1,24,'Block','1');
insert  into `studyrawdata`(`id`,`studyid`,`datarow`,`datacolumn`,`datavalue`) values (4746,1,25,'Block','1');
insert  into `studyrawdata`(`id`,`studyid`,`datarow`,`datacolumn`,`datavalue`) values (4747,1,26,'Block','1');
insert  into `studyrawdata`(`id`,`studyid`,`datarow`,`datacolumn`,`datavalue`) values (4748,1,27,'Block','1');
insert  into `studyrawdata`(`id`,`studyid`,`datarow`,`datacolumn`,`datavalue`) values (4749,1,28,'Block','1');
insert  into `studyrawdata`(`id`,`studyid`,`datarow`,`datacolumn`,`datavalue`) values (4750,1,29,'Block','1');
insert  into `studyrawdata`(`id`,`studyid`,`datarow`,`datacolumn`,`datavalue`) values (4751,1,30,'Block','1');
insert  into `studyrawdata`(`id`,`studyid`,`datarow`,`datacolumn`,`datavalue`) values (4752,1,31,'Block','2');
insert  into `studyrawdata`(`id`,`studyid`,`datarow`,`datacolumn`,`datavalue`) values (4753,1,32,'Block','2');
insert  into `studyrawdata`(`id`,`studyid`,`datarow`,`datacolumn`,`datavalue`) values (4754,1,33,'Block','2');
insert  into `studyrawdata`(`id`,`studyid`,`datarow`,`datacolumn`,`datavalue`) values (4755,1,34,'Block','2');
insert  into `studyrawdata`(`id`,`studyid`,`datarow`,`datacolumn`,`datavalue`) values (4756,1,35,'Block','2');
insert  into `studyrawdata`(`id`,`studyid`,`datarow`,`datacolumn`,`datavalue`) values (4757,1,36,'Block','1');
insert  into `studyrawdata`(`id`,`studyid`,`datarow`,`datacolumn`,`datavalue`) values (4758,1,37,'Block','1');
insert  into `studyrawdata`(`id`,`studyid`,`datarow`,`datacolumn`,`datavalue`) values (4759,1,38,'Block','1');
insert  into `studyrawdata`(`id`,`studyid`,`datarow`,`datacolumn`,`datavalue`) values (4760,1,39,'Block','1');
insert  into `studyrawdata`(`id`,`studyid`,`datarow`,`datacolumn`,`datavalue`) values (4761,1,40,'Block','3');
insert  into `studyrawdata`(`id`,`studyid`,`datarow`,`datacolumn`,`datavalue`) values (4762,1,41,'Block','3');
insert  into `studyrawdata`(`id`,`studyid`,`datarow`,`datacolumn`,`datavalue`) values (4763,1,42,'Block','3');
insert  into `studyrawdata`(`id`,`studyid`,`datarow`,`datacolumn`,`datavalue`) values (4764,1,43,'Block','3');
insert  into `studyrawdata`(`id`,`studyid`,`datarow`,`datacolumn`,`datavalue`) values (4765,1,44,'Block','1');
insert  into `studyrawdata`(`id`,`studyid`,`datarow`,`datacolumn`,`datavalue`) values (4766,1,45,'Block','1');
insert  into `studyrawdata`(`id`,`studyid`,`datarow`,`datacolumn`,`datavalue`) values (4767,1,46,'Block','1');
insert  into `studyrawdata`(`id`,`studyid`,`datarow`,`datacolumn`,`datavalue`) values (4768,1,47,'Block','1');
insert  into `studyrawdata`(`id`,`studyid`,`datarow`,`datacolumn`,`datavalue`) values (4769,1,1,'FieldRow','1');
insert  into `studyrawdata`(`id`,`studyid`,`datarow`,`datacolumn`,`datavalue`) values (4770,1,2,'FieldRow','2');
insert  into `studyrawdata`(`id`,`studyid`,`datarow`,`datacolumn`,`datavalue`) values (4771,1,3,'FieldRow','3');
insert  into `studyrawdata`(`id`,`studyid`,`datarow`,`datacolumn`,`datavalue`) values (4772,1,4,'FieldRow','4');
insert  into `studyrawdata`(`id`,`studyid`,`datarow`,`datacolumn`,`datavalue`) values (4773,1,5,'FieldRow','5');
insert  into `studyrawdata`(`id`,`studyid`,`datarow`,`datacolumn`,`datavalue`) values (4774,1,6,'FieldRow','6');
insert  into `studyrawdata`(`id`,`studyid`,`datarow`,`datacolumn`,`datavalue`) values (4775,1,7,'FieldRow','7');
insert  into `studyrawdata`(`id`,`studyid`,`datarow`,`datacolumn`,`datavalue`) values (4776,1,8,'FieldRow','1');
insert  into `studyrawdata`(`id`,`studyid`,`datarow`,`datacolumn`,`datavalue`) values (4777,1,9,'FieldRow','2');
insert  into `studyrawdata`(`id`,`studyid`,`datarow`,`datacolumn`,`datavalue`) values (4778,1,10,'FieldRow','3');
insert  into `studyrawdata`(`id`,`studyid`,`datarow`,`datacolumn`,`datavalue`) values (4779,1,11,'FieldRow','4');
insert  into `studyrawdata`(`id`,`studyid`,`datarow`,`datacolumn`,`datavalue`) values (4780,1,12,'FieldRow','5');
insert  into `studyrawdata`(`id`,`studyid`,`datarow`,`datacolumn`,`datavalue`) values (4781,1,13,'FieldRow','6');
insert  into `studyrawdata`(`id`,`studyid`,`datarow`,`datacolumn`,`datavalue`) values (4782,1,14,'FieldRow','7');
insert  into `studyrawdata`(`id`,`studyid`,`datarow`,`datacolumn`,`datavalue`) values (4783,1,15,'FieldRow','1');
insert  into `studyrawdata`(`id`,`studyid`,`datarow`,`datacolumn`,`datavalue`) values (4784,1,16,'FieldRow','2');
insert  into `studyrawdata`(`id`,`studyid`,`datarow`,`datacolumn`,`datavalue`) values (4785,1,17,'FieldRow','3');
insert  into `studyrawdata`(`id`,`studyid`,`datarow`,`datacolumn`,`datavalue`) values (4786,1,18,'FieldRow','4');
insert  into `studyrawdata`(`id`,`studyid`,`datarow`,`datacolumn`,`datavalue`) values (4787,1,19,'FieldRow','5');
insert  into `studyrawdata`(`id`,`studyid`,`datarow`,`datacolumn`,`datavalue`) values (4788,1,20,'FieldRow','6');
insert  into `studyrawdata`(`id`,`studyid`,`datarow`,`datacolumn`,`datavalue`) values (4789,1,21,'FieldRow','7');
insert  into `studyrawdata`(`id`,`studyid`,`datarow`,`datacolumn`,`datavalue`) values (4790,1,22,'FieldRow','1');
insert  into `studyrawdata`(`id`,`studyid`,`datarow`,`datacolumn`,`datavalue`) values (4791,1,23,'FieldRow','2');
insert  into `studyrawdata`(`id`,`studyid`,`datarow`,`datacolumn`,`datavalue`) values (4792,1,24,'FieldRow','3');
insert  into `studyrawdata`(`id`,`studyid`,`datarow`,`datacolumn`,`datavalue`) values (4793,1,25,'FieldRow','4');
insert  into `studyrawdata`(`id`,`studyid`,`datarow`,`datacolumn`,`datavalue`) values (4794,1,26,'FieldRow','5');
insert  into `studyrawdata`(`id`,`studyid`,`datarow`,`datacolumn`,`datavalue`) values (4795,1,27,'FieldRow','6');
insert  into `studyrawdata`(`id`,`studyid`,`datarow`,`datacolumn`,`datavalue`) values (4796,1,28,'FieldRow','7');
insert  into `studyrawdata`(`id`,`studyid`,`datarow`,`datacolumn`,`datavalue`) values (4797,1,29,'FieldRow','8');
insert  into `studyrawdata`(`id`,`studyid`,`datarow`,`datacolumn`,`datavalue`) values (4798,1,30,'FieldRow','9');
insert  into `studyrawdata`(`id`,`studyid`,`datarow`,`datacolumn`,`datavalue`) values (4799,1,31,'FieldRow','1');
insert  into `studyrawdata`(`id`,`studyid`,`datarow`,`datacolumn`,`datavalue`) values (4800,1,32,'FieldRow','2');
insert  into `studyrawdata`(`id`,`studyid`,`datarow`,`datacolumn`,`datavalue`) values (4801,1,33,'FieldRow','3');
insert  into `studyrawdata`(`id`,`studyid`,`datarow`,`datacolumn`,`datavalue`) values (4802,1,34,'FieldRow','4');
insert  into `studyrawdata`(`id`,`studyid`,`datarow`,`datacolumn`,`datavalue`) values (4803,1,35,'FieldRow','5');
insert  into `studyrawdata`(`id`,`studyid`,`datarow`,`datacolumn`,`datavalue`) values (4804,1,36,'FieldRow','6');
insert  into `studyrawdata`(`id`,`studyid`,`datarow`,`datacolumn`,`datavalue`) values (4805,1,37,'FieldRow','7');
insert  into `studyrawdata`(`id`,`studyid`,`datarow`,`datacolumn`,`datavalue`) values (4806,1,38,'FieldRow','8');
insert  into `studyrawdata`(`id`,`studyid`,`datarow`,`datacolumn`,`datavalue`) values (4807,1,39,'FieldRow','9');
insert  into `studyrawdata`(`id`,`studyid`,`datarow`,`datacolumn`,`datavalue`) values (4808,1,40,'FieldRow','2');
insert  into `studyrawdata`(`id`,`studyid`,`datarow`,`datacolumn`,`datavalue`) values (4809,1,41,'FieldRow','3');
insert  into `studyrawdata`(`id`,`studyid`,`datarow`,`datacolumn`,`datavalue`) values (4810,1,42,'FieldRow','4');
insert  into `studyrawdata`(`id`,`studyid`,`datarow`,`datacolumn`,`datavalue`) values (4811,1,43,'FieldRow','5');
insert  into `studyrawdata`(`id`,`studyid`,`datarow`,`datacolumn`,`datavalue`) values (4812,1,44,'FieldRow','6');
insert  into `studyrawdata`(`id`,`studyid`,`datarow`,`datacolumn`,`datavalue`) values (4813,1,45,'FieldRow','7');
insert  into `studyrawdata`(`id`,`studyid`,`datarow`,`datacolumn`,`datavalue`) values (4814,1,46,'FieldRow','8');
insert  into `studyrawdata`(`id`,`studyid`,`datarow`,`datacolumn`,`datavalue`) values (4815,1,47,'FieldRow','9');
insert  into `studyrawdata`(`id`,`studyid`,`datarow`,`datacolumn`,`datavalue`) values (4816,1,1,'FieldColmn','1');
insert  into `studyrawdata`(`id`,`studyid`,`datarow`,`datacolumn`,`datavalue`) values (4817,1,2,'FieldColmn','1');
insert  into `studyrawdata`(`id`,`studyid`,`datarow`,`datacolumn`,`datavalue`) values (4818,1,3,'FieldColmn','1');
insert  into `studyrawdata`(`id`,`studyid`,`datarow`,`datacolumn`,`datavalue`) values (4819,1,4,'FieldColmn','1');
insert  into `studyrawdata`(`id`,`studyid`,`datarow`,`datacolumn`,`datavalue`) values (4820,1,5,'FieldColmn','1');
insert  into `studyrawdata`(`id`,`studyid`,`datarow`,`datacolumn`,`datavalue`) values (4821,1,6,'FieldColmn','1');
insert  into `studyrawdata`(`id`,`studyid`,`datarow`,`datacolumn`,`datavalue`) values (4822,1,7,'FieldColmn','1');
insert  into `studyrawdata`(`id`,`studyid`,`datarow`,`datacolumn`,`datavalue`) values (4823,1,8,'FieldColmn','2');
insert  into `studyrawdata`(`id`,`studyid`,`datarow`,`datacolumn`,`datavalue`) values (4824,1,9,'FieldColmn','2');
insert  into `studyrawdata`(`id`,`studyid`,`datarow`,`datacolumn`,`datavalue`) values (4825,1,10,'FieldColmn','2');
insert  into `studyrawdata`(`id`,`studyid`,`datarow`,`datacolumn`,`datavalue`) values (4826,1,11,'FieldColmn','2');
insert  into `studyrawdata`(`id`,`studyid`,`datarow`,`datacolumn`,`datavalue`) values (4827,1,12,'FieldColmn','2');
insert  into `studyrawdata`(`id`,`studyid`,`datarow`,`datacolumn`,`datavalue`) values (4828,1,13,'FieldColmn','2');
insert  into `studyrawdata`(`id`,`studyid`,`datarow`,`datacolumn`,`datavalue`) values (4829,1,14,'FieldColmn','2');
insert  into `studyrawdata`(`id`,`studyid`,`datarow`,`datacolumn`,`datavalue`) values (4830,1,15,'FieldColmn','3');
insert  into `studyrawdata`(`id`,`studyid`,`datarow`,`datacolumn`,`datavalue`) values (4831,1,16,'FieldColmn','3');
insert  into `studyrawdata`(`id`,`studyid`,`datarow`,`datacolumn`,`datavalue`) values (4832,1,17,'FieldColmn','3');
insert  into `studyrawdata`(`id`,`studyid`,`datarow`,`datacolumn`,`datavalue`) values (4833,1,18,'FieldColmn','3');
insert  into `studyrawdata`(`id`,`studyid`,`datarow`,`datacolumn`,`datavalue`) values (4834,1,19,'FieldColmn','3');
insert  into `studyrawdata`(`id`,`studyid`,`datarow`,`datacolumn`,`datavalue`) values (4835,1,20,'FieldColmn','3');
insert  into `studyrawdata`(`id`,`studyid`,`datarow`,`datacolumn`,`datavalue`) values (4836,1,21,'FieldColmn','3');
insert  into `studyrawdata`(`id`,`studyid`,`datarow`,`datacolumn`,`datavalue`) values (4837,1,22,'FieldColmn','1');
insert  into `studyrawdata`(`id`,`studyid`,`datarow`,`datacolumn`,`datavalue`) values (4838,1,23,'FieldColmn','1');
insert  into `studyrawdata`(`id`,`studyid`,`datarow`,`datacolumn`,`datavalue`) values (4839,1,24,'FieldColmn','1');
insert  into `studyrawdata`(`id`,`studyid`,`datarow`,`datacolumn`,`datavalue`) values (4840,1,25,'FieldColmn','1');
insert  into `studyrawdata`(`id`,`studyid`,`datarow`,`datacolumn`,`datavalue`) values (4841,1,26,'FieldColmn','1');
insert  into `studyrawdata`(`id`,`studyid`,`datarow`,`datacolumn`,`datavalue`) values (4842,1,27,'FieldColmn','1');
insert  into `studyrawdata`(`id`,`studyid`,`datarow`,`datacolumn`,`datavalue`) values (4843,1,28,'FieldColmn','1');
insert  into `studyrawdata`(`id`,`studyid`,`datarow`,`datacolumn`,`datavalue`) values (4844,1,29,'FieldColmn','1');
insert  into `studyrawdata`(`id`,`studyid`,`datarow`,`datacolumn`,`datavalue`) values (4845,1,30,'FieldColmn','1');
insert  into `studyrawdata`(`id`,`studyid`,`datarow`,`datacolumn`,`datavalue`) values (4846,1,31,'FieldColmn','2');
insert  into `studyrawdata`(`id`,`studyid`,`datarow`,`datacolumn`,`datavalue`) values (4847,1,32,'FieldColmn','2');
insert  into `studyrawdata`(`id`,`studyid`,`datarow`,`datacolumn`,`datavalue`) values (4848,1,33,'FieldColmn','2');
insert  into `studyrawdata`(`id`,`studyid`,`datarow`,`datacolumn`,`datavalue`) values (4849,1,34,'FieldColmn','2');
insert  into `studyrawdata`(`id`,`studyid`,`datarow`,`datacolumn`,`datavalue`) values (4850,1,35,'FieldColmn','2');
insert  into `studyrawdata`(`id`,`studyid`,`datarow`,`datacolumn`,`datavalue`) values (4851,1,36,'FieldColmn','2');
insert  into `studyrawdata`(`id`,`studyid`,`datarow`,`datacolumn`,`datavalue`) values (4852,1,37,'FieldColmn','2');
insert  into `studyrawdata`(`id`,`studyid`,`datarow`,`datacolumn`,`datavalue`) values (4853,1,38,'FieldColmn','2');
insert  into `studyrawdata`(`id`,`studyid`,`datarow`,`datacolumn`,`datavalue`) values (4854,1,39,'FieldColmn','3');
insert  into `studyrawdata`(`id`,`studyid`,`datarow`,`datacolumn`,`datavalue`) values (4855,1,40,'FieldColmn','3');
insert  into `studyrawdata`(`id`,`studyid`,`datarow`,`datacolumn`,`datavalue`) values (4856,1,41,'FieldColmn','3');
insert  into `studyrawdata`(`id`,`studyid`,`datarow`,`datacolumn`,`datavalue`) values (4857,1,42,'FieldColmn','3');
insert  into `studyrawdata`(`id`,`studyid`,`datarow`,`datacolumn`,`datavalue`) values (4858,1,43,'FieldColmn','3');
insert  into `studyrawdata`(`id`,`studyid`,`datarow`,`datacolumn`,`datavalue`) values (4859,1,44,'FieldColmn','3');
insert  into `studyrawdata`(`id`,`studyid`,`datarow`,`datacolumn`,`datavalue`) values (4860,1,45,'FieldColmn','3');
insert  into `studyrawdata`(`id`,`studyid`,`datarow`,`datacolumn`,`datavalue`) values (4861,1,46,'FieldColmn','3');
insert  into `studyrawdata`(`id`,`studyid`,`datarow`,`datacolumn`,`datavalue`) values (4862,1,47,'FieldColmn','3');
insert  into `studyrawdata`(`id`,`studyid`,`datarow`,`datacolumn`,`datavalue`) values (4863,1,1,'PH','110');
insert  into `studyrawdata`(`id`,`studyid`,`datarow`,`datacolumn`,`datavalue`) values (4864,1,2,'PH','115');
insert  into `studyrawdata`(`id`,`studyid`,`datarow`,`datacolumn`,`datavalue`) values (4865,1,3,'PH','120');
insert  into `studyrawdata`(`id`,`studyid`,`datarow`,`datacolumn`,`datavalue`) values (4866,1,4,'PH','113');
insert  into `studyrawdata`(`id`,`studyid`,`datarow`,`datacolumn`,`datavalue`) values (4867,1,5,'PH','105');
insert  into `studyrawdata`(`id`,`studyid`,`datarow`,`datacolumn`,`datavalue`) values (4868,1,6,'PH','na');
insert  into `studyrawdata`(`id`,`studyid`,`datarow`,`datacolumn`,`datavalue`) values (4869,1,7,'PH','111');
insert  into `studyrawdata`(`id`,`studyid`,`datarow`,`datacolumn`,`datavalue`) values (4870,1,8,'PH','111');
insert  into `studyrawdata`(`id`,`studyid`,`datarow`,`datacolumn`,`datavalue`) values (4871,1,9,'PH','116');
insert  into `studyrawdata`(`id`,`studyid`,`datarow`,`datacolumn`,`datavalue`) values (4872,1,10,'PH','121');
insert  into `studyrawdata`(`id`,`studyid`,`datarow`,`datacolumn`,`datavalue`) values (4873,1,11,'PH','114');
insert  into `studyrawdata`(`id`,`studyid`,`datarow`,`datacolumn`,`datavalue`) values (4874,1,12,'PH','106');
insert  into `studyrawdata`(`id`,`studyid`,`datarow`,`datacolumn`,`datavalue`) values (4875,1,13,'PH','101');
insert  into `studyrawdata`(`id`,`studyid`,`datarow`,`datacolumn`,`datavalue`) values (4876,1,14,'PH','112');
insert  into `studyrawdata`(`id`,`studyid`,`datarow`,`datacolumn`,`datavalue`) values (4877,1,15,'PH','109');
insert  into `studyrawdata`(`id`,`studyid`,`datarow`,`datacolumn`,`datavalue`) values (4878,1,16,'PH','114');
insert  into `studyrawdata`(`id`,`studyid`,`datarow`,`datacolumn`,`datavalue`) values (4879,1,17,'PH','119');
insert  into `studyrawdata`(`id`,`studyid`,`datarow`,`datacolumn`,`datavalue`) values (4880,1,18,'PH','112');
insert  into `studyrawdata`(`id`,`studyid`,`datarow`,`datacolumn`,`datavalue`) values (4881,1,19,'PH','104');
insert  into `studyrawdata`(`id`,`studyid`,`datarow`,`datacolumn`,`datavalue`) values (4882,1,20,'PH','99');
insert  into `studyrawdata`(`id`,`studyid`,`datarow`,`datacolumn`,`datavalue`) values (4883,1,21,'PH','110');
insert  into `studyrawdata`(`id`,`studyid`,`datarow`,`datacolumn`,`datavalue`) values (4884,1,22,'PH','112');
insert  into `studyrawdata`(`id`,`studyid`,`datarow`,`datacolumn`,`datavalue`) values (4885,1,23,'PH','117');
insert  into `studyrawdata`(`id`,`studyid`,`datarow`,`datacolumn`,`datavalue`) values (4886,1,24,'PH','122');
insert  into `studyrawdata`(`id`,`studyid`,`datarow`,`datacolumn`,`datavalue`) values (4887,1,25,'PH','115');
insert  into `studyrawdata`(`id`,`studyid`,`datarow`,`datacolumn`,`datavalue`) values (4888,1,26,'PH','107');
insert  into `studyrawdata`(`id`,`studyid`,`datarow`,`datacolumn`,`datavalue`) values (4889,1,27,'PH','102');
insert  into `studyrawdata`(`id`,`studyid`,`datarow`,`datacolumn`,`datavalue`) values (4890,1,28,'PH','113');
insert  into `studyrawdata`(`id`,`studyid`,`datarow`,`datacolumn`,`datavalue`) values (4891,1,29,'PH','113');
insert  into `studyrawdata`(`id`,`studyid`,`datarow`,`datacolumn`,`datavalue`) values (4892,1,30,'PH','118');
insert  into `studyrawdata`(`id`,`studyid`,`datarow`,`datacolumn`,`datavalue`) values (4893,1,31,'PH','123');
insert  into `studyrawdata`(`id`,`studyid`,`datarow`,`datacolumn`,`datavalue`) values (4894,1,32,'PH','116');
insert  into `studyrawdata`(`id`,`studyid`,`datarow`,`datacolumn`,`datavalue`) values (4895,1,33,'PH','108');
insert  into `studyrawdata`(`id`,`studyid`,`datarow`,`datacolumn`,`datavalue`) values (4896,1,34,'PH','103');
insert  into `studyrawdata`(`id`,`studyid`,`datarow`,`datacolumn`,`datavalue`) values (4897,1,35,'PH','114');
insert  into `studyrawdata`(`id`,`studyid`,`datarow`,`datacolumn`,`datavalue`) values (4898,1,36,'PH','111');
insert  into `studyrawdata`(`id`,`studyid`,`datarow`,`datacolumn`,`datavalue`) values (4899,1,37,'PH','116');
insert  into `studyrawdata`(`id`,`studyid`,`datarow`,`datacolumn`,`datavalue`) values (4900,1,38,'PH','121');
insert  into `studyrawdata`(`id`,`studyid`,`datarow`,`datacolumn`,`datavalue`) values (4901,1,39,'PH','na');
insert  into `studyrawdata`(`id`,`studyid`,`datarow`,`datacolumn`,`datavalue`) values (4902,1,40,'PH','106');
insert  into `studyrawdata`(`id`,`studyid`,`datarow`,`datacolumn`,`datavalue`) values (4903,1,41,'PH','101');
insert  into `studyrawdata`(`id`,`studyid`,`datarow`,`datacolumn`,`datavalue`) values (4904,1,42,'PH','112');
insert  into `studyrawdata`(`id`,`studyid`,`datarow`,`datacolumn`,`datavalue`) values (4905,1,43,'PH','114');
insert  into `studyrawdata`(`id`,`studyid`,`datarow`,`datacolumn`,`datavalue`) values (4906,1,44,'PH','119');
insert  into `studyrawdata`(`id`,`studyid`,`datarow`,`datacolumn`,`datavalue`) values (4907,1,45,'PH','124');
insert  into `studyrawdata`(`id`,`studyid`,`datarow`,`datacolumn`,`datavalue`) values (4908,1,46,'PH','117');
insert  into `studyrawdata`(`id`,`studyid`,`datarow`,`datacolumn`,`datavalue`) values (4909,1,47,'PH','109');
insert  into `studyrawdata`(`id`,`studyid`,`datarow`,`datacolumn`,`datavalue`) values (4910,1,1,'DF','80');
insert  into `studyrawdata`(`id`,`studyid`,`datarow`,`datacolumn`,`datavalue`) values (4911,1,2,'DF','85');
insert  into `studyrawdata`(`id`,`studyid`,`datarow`,`datacolumn`,`datavalue`) values (4912,1,3,'DF','90');
insert  into `studyrawdata`(`id`,`studyid`,`datarow`,`datacolumn`,`datavalue`) values (4913,1,4,'DF','91');
insert  into `studyrawdata`(`id`,`studyid`,`datarow`,`datacolumn`,`datavalue`) values (4914,1,5,'DF','96');
insert  into `studyrawdata`(`id`,`studyid`,`datarow`,`datacolumn`,`datavalue`) values (4915,1,6,'DF','na');
insert  into `studyrawdata`(`id`,`studyid`,`datarow`,`datacolumn`,`datavalue`) values (4916,1,7,'DF','88');
insert  into `studyrawdata`(`id`,`studyid`,`datarow`,`datacolumn`,`datavalue`) values (4917,1,8,'DF','82');
insert  into `studyrawdata`(`id`,`studyid`,`datarow`,`datacolumn`,`datavalue`) values (4918,1,9,'DF','87');
insert  into `studyrawdata`(`id`,`studyid`,`datarow`,`datacolumn`,`datavalue`) values (4919,1,10,'DF','92');
insert  into `studyrawdata`(`id`,`studyid`,`datarow`,`datacolumn`,`datavalue`) values (4920,1,11,'DF','93');
insert  into `studyrawdata`(`id`,`studyid`,`datarow`,`datacolumn`,`datavalue`) values (4921,1,12,'DF','98');
insert  into `studyrawdata`(`id`,`studyid`,`datarow`,`datacolumn`,`datavalue`) values (4922,1,13,'DF','88');
insert  into `studyrawdata`(`id`,`studyid`,`datarow`,`datacolumn`,`datavalue`) values (4923,1,14,'DF','90');
insert  into `studyrawdata`(`id`,`studyid`,`datarow`,`datacolumn`,`datavalue`) values (4924,1,15,'DF','85');
insert  into `studyrawdata`(`id`,`studyid`,`datarow`,`datacolumn`,`datavalue`) values (4925,1,16,'DF','90');
insert  into `studyrawdata`(`id`,`studyid`,`datarow`,`datacolumn`,`datavalue`) values (4926,1,17,'DF','95');
insert  into `studyrawdata`(`id`,`studyid`,`datarow`,`datacolumn`,`datavalue`) values (4927,1,18,'DF','96');
insert  into `studyrawdata`(`id`,`studyid`,`datarow`,`datacolumn`,`datavalue`) values (4928,1,19,'DF','101');
insert  into `studyrawdata`(`id`,`studyid`,`datarow`,`datacolumn`,`datavalue`) values (4929,1,20,'DF','91');
insert  into `studyrawdata`(`id`,`studyid`,`datarow`,`datacolumn`,`datavalue`) values (4930,1,21,'DF','93');
insert  into `studyrawdata`(`id`,`studyid`,`datarow`,`datacolumn`,`datavalue`) values (4931,1,22,'DF','80.5');
insert  into `studyrawdata`(`id`,`studyid`,`datarow`,`datacolumn`,`datavalue`) values (4932,1,23,'DF','85.5');
insert  into `studyrawdata`(`id`,`studyid`,`datarow`,`datacolumn`,`datavalue`) values (4933,1,24,'DF','90.5');
insert  into `studyrawdata`(`id`,`studyid`,`datarow`,`datacolumn`,`datavalue`) values (4934,1,25,'DF','91.5');
insert  into `studyrawdata`(`id`,`studyid`,`datarow`,`datacolumn`,`datavalue`) values (4935,1,26,'DF','96.5');
insert  into `studyrawdata`(`id`,`studyid`,`datarow`,`datacolumn`,`datavalue`) values (4936,1,27,'DF','86.5');
insert  into `studyrawdata`(`id`,`studyid`,`datarow`,`datacolumn`,`datavalue`) values (4937,1,28,'DF','na');
insert  into `studyrawdata`(`id`,`studyid`,`datarow`,`datacolumn`,`datavalue`) values (4938,1,29,'DF','82.5');
insert  into `studyrawdata`(`id`,`studyid`,`datarow`,`datacolumn`,`datavalue`) values (4939,1,30,'DF','87.5');
insert  into `studyrawdata`(`id`,`studyid`,`datarow`,`datacolumn`,`datavalue`) values (4940,1,31,'DF','92.5');
insert  into `studyrawdata`(`id`,`studyid`,`datarow`,`datacolumn`,`datavalue`) values (4941,1,32,'DF','93.5');
insert  into `studyrawdata`(`id`,`studyid`,`datarow`,`datacolumn`,`datavalue`) values (4942,1,33,'DF','98.5');
insert  into `studyrawdata`(`id`,`studyid`,`datarow`,`datacolumn`,`datavalue`) values (4943,1,34,'DF','88.5');
insert  into `studyrawdata`(`id`,`studyid`,`datarow`,`datacolumn`,`datavalue`) values (4944,1,35,'DF','90.5');
insert  into `studyrawdata`(`id`,`studyid`,`datarow`,`datacolumn`,`datavalue`) values (4945,1,36,'DF','85.5');
insert  into `studyrawdata`(`id`,`studyid`,`datarow`,`datacolumn`,`datavalue`) values (4946,1,37,'DF','90.5');
insert  into `studyrawdata`(`id`,`studyid`,`datarow`,`datacolumn`,`datavalue`) values (4947,1,38,'DF','95.5');
insert  into `studyrawdata`(`id`,`studyid`,`datarow`,`datacolumn`,`datavalue`) values (4948,1,39,'DF','na');
insert  into `studyrawdata`(`id`,`studyid`,`datarow`,`datacolumn`,`datavalue`) values (4949,1,40,'DF','101.5');
insert  into `studyrawdata`(`id`,`studyid`,`datarow`,`datacolumn`,`datavalue`) values (4950,1,41,'DF','91.5');
insert  into `studyrawdata`(`id`,`studyid`,`datarow`,`datacolumn`,`datavalue`) values (4951,1,42,'DF','93.5');
insert  into `studyrawdata`(`id`,`studyid`,`datarow`,`datacolumn`,`datavalue`) values (4952,1,43,'DF','81');
insert  into `studyrawdata`(`id`,`studyid`,`datarow`,`datacolumn`,`datavalue`) values (4953,1,44,'DF','86');
insert  into `studyrawdata`(`id`,`studyid`,`datarow`,`datacolumn`,`datavalue`) values (4954,1,45,'DF','91');
insert  into `studyrawdata`(`id`,`studyid`,`datarow`,`datacolumn`,`datavalue`) values (4955,1,46,'DF','92');
insert  into `studyrawdata`(`id`,`studyid`,`datarow`,`datacolumn`,`datavalue`) values (4956,1,47,'DF','97');
insert  into `studyrawdata`(`id`,`studyid`,`datarow`,`datacolumn`,`datavalue`) values (4957,1,1,'Yld','5');
insert  into `studyrawdata`(`id`,`studyid`,`datarow`,`datacolumn`,`datavalue`) values (4958,1,2,'Yld','5.5');
insert  into `studyrawdata`(`id`,`studyid`,`datarow`,`datacolumn`,`datavalue`) values (4959,1,3,'Yld','6');
insert  into `studyrawdata`(`id`,`studyid`,`datarow`,`datacolumn`,`datavalue`) values (4960,1,4,'Yld','6.5');
insert  into `studyrawdata`(`id`,`studyid`,`datarow`,`datacolumn`,`datavalue`) values (4961,1,5,'Yld','7');
insert  into `studyrawdata`(`id`,`studyid`,`datarow`,`datacolumn`,`datavalue`) values (4962,1,6,'Yld','na');
insert  into `studyrawdata`(`id`,`studyid`,`datarow`,`datacolumn`,`datavalue`) values (4963,1,7,'Yld','7.3');
insert  into `studyrawdata`(`id`,`studyid`,`datarow`,`datacolumn`,`datavalue`) values (4964,1,8,'Yld','5.1');
insert  into `studyrawdata`(`id`,`studyid`,`datarow`,`datacolumn`,`datavalue`) values (4965,1,9,'Yld','5.6');
insert  into `studyrawdata`(`id`,`studyid`,`datarow`,`datacolumn`,`datavalue`) values (4966,1,10,'Yld','6.1');
insert  into `studyrawdata`(`id`,`studyid`,`datarow`,`datacolumn`,`datavalue`) values (4967,1,11,'Yld','6.6');
insert  into `studyrawdata`(`id`,`studyid`,`datarow`,`datacolumn`,`datavalue`) values (4968,1,12,'Yld','7.1');
insert  into `studyrawdata`(`id`,`studyid`,`datarow`,`datacolumn`,`datavalue`) values (4969,1,13,'Yld','7.3');
insert  into `studyrawdata`(`id`,`studyid`,`datarow`,`datacolumn`,`datavalue`) values (4970,1,14,'Yld','7.4');
insert  into `studyrawdata`(`id`,`studyid`,`datarow`,`datacolumn`,`datavalue`) values (4971,1,15,'Yld','5.15');
insert  into `studyrawdata`(`id`,`studyid`,`datarow`,`datacolumn`,`datavalue`) values (4972,1,16,'Yld','na');
insert  into `studyrawdata`(`id`,`studyid`,`datarow`,`datacolumn`,`datavalue`) values (4973,1,17,'Yld','6.15');
insert  into `studyrawdata`(`id`,`studyid`,`datarow`,`datacolumn`,`datavalue`) values (4974,1,18,'Yld','6.65');
insert  into `studyrawdata`(`id`,`studyid`,`datarow`,`datacolumn`,`datavalue`) values (4975,1,19,'Yld','7.15');
insert  into `studyrawdata`(`id`,`studyid`,`datarow`,`datacolumn`,`datavalue`) values (4976,1,20,'Yld','na');
insert  into `studyrawdata`(`id`,`studyid`,`datarow`,`datacolumn`,`datavalue`) values (4977,1,21,'Yld','7.45');
insert  into `studyrawdata`(`id`,`studyid`,`datarow`,`datacolumn`,`datavalue`) values (4978,1,22,'Yld','5.3');
insert  into `studyrawdata`(`id`,`studyid`,`datarow`,`datacolumn`,`datavalue`) values (4979,1,23,'Yld','5.8');
insert  into `studyrawdata`(`id`,`studyid`,`datarow`,`datacolumn`,`datavalue`) values (4980,1,24,'Yld','6.3');
insert  into `studyrawdata`(`id`,`studyid`,`datarow`,`datacolumn`,`datavalue`) values (4981,1,25,'Yld','6.8');
insert  into `studyrawdata`(`id`,`studyid`,`datarow`,`datacolumn`,`datavalue`) values (4982,1,26,'Yld','7.3');
insert  into `studyrawdata`(`id`,`studyid`,`datarow`,`datacolumn`,`datavalue`) values (4983,1,27,'Yld','7.5');
insert  into `studyrawdata`(`id`,`studyid`,`datarow`,`datacolumn`,`datavalue`) values (4984,1,28,'Yld','na');
insert  into `studyrawdata`(`id`,`studyid`,`datarow`,`datacolumn`,`datavalue`) values (4985,1,29,'Yld','5.4');
insert  into `studyrawdata`(`id`,`studyid`,`datarow`,`datacolumn`,`datavalue`) values (4986,1,30,'Yld','5.9');
insert  into `studyrawdata`(`id`,`studyid`,`datarow`,`datacolumn`,`datavalue`) values (4987,1,31,'Yld','6.4');
insert  into `studyrawdata`(`id`,`studyid`,`datarow`,`datacolumn`,`datavalue`) values (4988,1,32,'Yld','6.9');
insert  into `studyrawdata`(`id`,`studyid`,`datarow`,`datacolumn`,`datavalue`) values (4989,1,33,'Yld','7.4');
insert  into `studyrawdata`(`id`,`studyid`,`datarow`,`datacolumn`,`datavalue`) values (4990,1,34,'Yld','7.6');
insert  into `studyrawdata`(`id`,`studyid`,`datarow`,`datacolumn`,`datavalue`) values (4991,1,35,'Yld','7.7');
insert  into `studyrawdata`(`id`,`studyid`,`datarow`,`datacolumn`,`datavalue`) values (4992,1,36,'Yld','5.45');
insert  into `studyrawdata`(`id`,`studyid`,`datarow`,`datacolumn`,`datavalue`) values (4993,1,37,'Yld','5.95');
insert  into `studyrawdata`(`id`,`studyid`,`datarow`,`datacolumn`,`datavalue`) values (4994,1,38,'Yld','6.45');
insert  into `studyrawdata`(`id`,`studyid`,`datarow`,`datacolumn`,`datavalue`) values (4995,1,39,'Yld','na');
insert  into `studyrawdata`(`id`,`studyid`,`datarow`,`datacolumn`,`datavalue`) values (4996,1,40,'Yld','7.45');
insert  into `studyrawdata`(`id`,`studyid`,`datarow`,`datacolumn`,`datavalue`) values (4997,1,41,'Yld','7.65');
insert  into `studyrawdata`(`id`,`studyid`,`datarow`,`datacolumn`,`datavalue`) values (4998,1,42,'Yld','7.75');
insert  into `studyrawdata`(`id`,`studyid`,`datarow`,`datacolumn`,`datavalue`) values (4999,1,43,'Yld','5.6');
insert  into `studyrawdata`(`id`,`studyid`,`datarow`,`datacolumn`,`datavalue`) values (5000,1,44,'Yld','6.1');
insert  into `studyrawdata`(`id`,`studyid`,`datarow`,`datacolumn`,`datavalue`) values (5001,1,45,'Yld','6.6');
insert  into `studyrawdata`(`id`,`studyid`,`datarow`,`datacolumn`,`datavalue`) values (5002,1,46,'Yld','7.1');
insert  into `studyrawdata`(`id`,`studyid`,`datarow`,`datacolumn`,`datavalue`) values (5003,1,47,'Yld','7.6');
insert  into `studyrawdata`(`id`,`studyid`,`datarow`,`datacolumn`,`datavalue`) values (5004,5,1,'GName',' IR8');
insert  into `studyrawdata`(`id`,`studyid`,`datarow`,`datacolumn`,`datavalue`) values (5005,5,1,'Location','Los Banos');
insert  into `studyrawdata`(`id`,`studyid`,`datarow`,`datacolumn`,`datavalue`) values (5006,5,1,'Site','IRRI');
insert  into `studyrawdata`(`id`,`studyid`,`datarow`,`datacolumn`,`datavalue`) values (5007,5,1,'Year','2013');
insert  into `studyrawdata`(`id`,`studyid`,`datarow`,`datacolumn`,`datavalue`) values (5008,5,1,'Season','D');
insert  into `studyrawdata`(`id`,`studyid`,`datarow`,`datacolumn`,`datavalue`) values (5009,5,1,'Rep','1');
insert  into `studyrawdata`(`id`,`studyid`,`datarow`,`datacolumn`,`datavalue`) values (5010,5,1,'RowBlock','na');
insert  into `studyrawdata`(`id`,`studyid`,`datarow`,`datacolumn`,`datavalue`) values (5011,5,1,'AWNING','na');
insert  into `studyrawdata`(`id`,`studyid`,`datarow`,`datacolumn`,`datavalue`) values (5012,5,1,'100GW','1');
insert  into `studyrawdata`(`id`,`studyid`,`datarow`,`datacolumn`,`datavalue`) values (5013,5,1,'FieldRow','1');
insert  into `studyrawdata`(`id`,`studyid`,`datarow`,`datacolumn`,`datavalue`) values (5014,5,1,'CML','1');
insert  into `studyrawdata`(`id`,`studyid`,`datarow`,`datacolumn`,`datavalue`) values (5015,5,1,'DRRE','110');
insert  into `studyrawdata`(`id`,`studyid`,`datarow`,`datacolumn`,`datavalue`) values (5016,5,1,'GRT','80');
insert  into `studyrawdata`(`id`,`studyid`,`datarow`,`datacolumn`,`datavalue`) values (5017,5,1,'Yld','5');
insert  into `studyrawdata`(`id`,`studyid`,`datarow`,`datacolumn`,`datavalue`) values (5018,5,2,'GName',' IR22');
insert  into `studyrawdata`(`id`,`studyid`,`datarow`,`datacolumn`,`datavalue`) values (5019,5,2,'Location','Los Banos');
insert  into `studyrawdata`(`id`,`studyid`,`datarow`,`datacolumn`,`datavalue`) values (5020,5,2,'Site','IRRI');
insert  into `studyrawdata`(`id`,`studyid`,`datarow`,`datacolumn`,`datavalue`) values (5021,5,2,'Year','2013');
insert  into `studyrawdata`(`id`,`studyid`,`datarow`,`datacolumn`,`datavalue`) values (5022,5,2,'Season','D');
insert  into `studyrawdata`(`id`,`studyid`,`datarow`,`datacolumn`,`datavalue`) values (5023,5,2,'Rep','1');
insert  into `studyrawdata`(`id`,`studyid`,`datarow`,`datacolumn`,`datavalue`) values (5024,5,2,'RowBlock','na');
insert  into `studyrawdata`(`id`,`studyid`,`datarow`,`datacolumn`,`datavalue`) values (5025,5,2,'AWNING','na');
insert  into `studyrawdata`(`id`,`studyid`,`datarow`,`datacolumn`,`datavalue`) values (5026,5,2,'100GW','1');
insert  into `studyrawdata`(`id`,`studyid`,`datarow`,`datacolumn`,`datavalue`) values (5027,5,2,'FieldRow','2');
insert  into `studyrawdata`(`id`,`studyid`,`datarow`,`datacolumn`,`datavalue`) values (5028,5,2,'CML','1');
insert  into `studyrawdata`(`id`,`studyid`,`datarow`,`datacolumn`,`datavalue`) values (5029,5,2,'DRRE','115');
insert  into `studyrawdata`(`id`,`studyid`,`datarow`,`datacolumn`,`datavalue`) values (5030,5,2,'GRT','85');
insert  into `studyrawdata`(`id`,`studyid`,`datarow`,`datacolumn`,`datavalue`) values (5031,5,2,'Yld','5.5');
insert  into `studyrawdata`(`id`,`studyid`,`datarow`,`datacolumn`,`datavalue`) values (5032,5,3,'GName',' IR36');
insert  into `studyrawdata`(`id`,`studyid`,`datarow`,`datacolumn`,`datavalue`) values (5033,5,3,'Location','Los Banos');
insert  into `studyrawdata`(`id`,`studyid`,`datarow`,`datacolumn`,`datavalue`) values (5034,5,3,'Site','IRRI');
insert  into `studyrawdata`(`id`,`studyid`,`datarow`,`datacolumn`,`datavalue`) values (5035,5,3,'Year','2013');
insert  into `studyrawdata`(`id`,`studyid`,`datarow`,`datacolumn`,`datavalue`) values (5036,5,3,'Season','D');
insert  into `studyrawdata`(`id`,`studyid`,`datarow`,`datacolumn`,`datavalue`) values (5037,5,3,'Rep','1');
insert  into `studyrawdata`(`id`,`studyid`,`datarow`,`datacolumn`,`datavalue`) values (5038,5,3,'RowBlock','na');
insert  into `studyrawdata`(`id`,`studyid`,`datarow`,`datacolumn`,`datavalue`) values (5039,5,3,'AWNING','na');
insert  into `studyrawdata`(`id`,`studyid`,`datarow`,`datacolumn`,`datavalue`) values (5040,5,3,'100GW','1');
insert  into `studyrawdata`(`id`,`studyid`,`datarow`,`datacolumn`,`datavalue`) values (5041,5,3,'FieldRow','3');
insert  into `studyrawdata`(`id`,`studyid`,`datarow`,`datacolumn`,`datavalue`) values (5042,5,3,'CML','1');
insert  into `studyrawdata`(`id`,`studyid`,`datarow`,`datacolumn`,`datavalue`) values (5043,5,3,'DRRE','120');
insert  into `studyrawdata`(`id`,`studyid`,`datarow`,`datacolumn`,`datavalue`) values (5044,5,3,'GRT','90');
insert  into `studyrawdata`(`id`,`studyid`,`datarow`,`datacolumn`,`datavalue`) values (5045,5,3,'Yld','6');
insert  into `studyrawdata`(`id`,`studyid`,`datarow`,`datacolumn`,`datavalue`) values (5046,5,4,'GName',' IR64');
insert  into `studyrawdata`(`id`,`studyid`,`datarow`,`datacolumn`,`datavalue`) values (5047,5,4,'Location','Los Banos');
insert  into `studyrawdata`(`id`,`studyid`,`datarow`,`datacolumn`,`datavalue`) values (5048,5,4,'Site','IRRI');
insert  into `studyrawdata`(`id`,`studyid`,`datarow`,`datacolumn`,`datavalue`) values (5049,5,4,'Year','2013');
insert  into `studyrawdata`(`id`,`studyid`,`datarow`,`datacolumn`,`datavalue`) values (5050,5,4,'Season','D');
insert  into `studyrawdata`(`id`,`studyid`,`datarow`,`datacolumn`,`datavalue`) values (5051,5,4,'Rep','1');
insert  into `studyrawdata`(`id`,`studyid`,`datarow`,`datacolumn`,`datavalue`) values (5052,5,4,'RowBlock','na');
insert  into `studyrawdata`(`id`,`studyid`,`datarow`,`datacolumn`,`datavalue`) values (5053,5,4,'AWNING','na');
insert  into `studyrawdata`(`id`,`studyid`,`datarow`,`datacolumn`,`datavalue`) values (5054,5,4,'100GW','1');
insert  into `studyrawdata`(`id`,`studyid`,`datarow`,`datacolumn`,`datavalue`) values (5055,5,4,'FieldRow','4');
insert  into `studyrawdata`(`id`,`studyid`,`datarow`,`datacolumn`,`datavalue`) values (5056,5,4,'CML','1');
insert  into `studyrawdata`(`id`,`studyid`,`datarow`,`datacolumn`,`datavalue`) values (5057,5,4,'DRRE','113');
insert  into `studyrawdata`(`id`,`studyid`,`datarow`,`datacolumn`,`datavalue`) values (5058,5,4,'GRT','91');
insert  into `studyrawdata`(`id`,`studyid`,`datarow`,`datacolumn`,`datavalue`) values (5059,5,4,'Yld','6.5');
insert  into `studyrawdata`(`id`,`studyid`,`datarow`,`datacolumn`,`datavalue`) values (5060,5,5,'GName',' IR72');
insert  into `studyrawdata`(`id`,`studyid`,`datarow`,`datacolumn`,`datavalue`) values (5061,5,5,'Location','Los Banos');
insert  into `studyrawdata`(`id`,`studyid`,`datarow`,`datacolumn`,`datavalue`) values (5062,5,5,'Site','IRRI');
insert  into `studyrawdata`(`id`,`studyid`,`datarow`,`datacolumn`,`datavalue`) values (5063,5,5,'Year','2013');
insert  into `studyrawdata`(`id`,`studyid`,`datarow`,`datacolumn`,`datavalue`) values (5064,5,5,'Season','D');
insert  into `studyrawdata`(`id`,`studyid`,`datarow`,`datacolumn`,`datavalue`) values (5065,5,5,'Rep','1');
insert  into `studyrawdata`(`id`,`studyid`,`datarow`,`datacolumn`,`datavalue`) values (5066,5,5,'RowBlock','na');
insert  into `studyrawdata`(`id`,`studyid`,`datarow`,`datacolumn`,`datavalue`) values (5067,5,5,'AWNING','na');
insert  into `studyrawdata`(`id`,`studyid`,`datarow`,`datacolumn`,`datavalue`) values (5068,5,5,'100GW','1');
insert  into `studyrawdata`(`id`,`studyid`,`datarow`,`datacolumn`,`datavalue`) values (5069,5,5,'FieldRow','5');
insert  into `studyrawdata`(`id`,`studyid`,`datarow`,`datacolumn`,`datavalue`) values (5070,5,5,'CML','1');
insert  into `studyrawdata`(`id`,`studyid`,`datarow`,`datacolumn`,`datavalue`) values (5071,5,5,'DRRE','105');
insert  into `studyrawdata`(`id`,`studyid`,`datarow`,`datacolumn`,`datavalue`) values (5072,5,5,'GRT','96');
insert  into `studyrawdata`(`id`,`studyid`,`datarow`,`datacolumn`,`datavalue`) values (5073,5,5,'Yld','7');
insert  into `studyrawdata`(`id`,`studyid`,`datarow`,`datacolumn`,`datavalue`) values (5074,5,6,'GName','RC222');
insert  into `studyrawdata`(`id`,`studyid`,`datarow`,`datacolumn`,`datavalue`) values (5075,5,6,'Location','Los Banos');
insert  into `studyrawdata`(`id`,`studyid`,`datarow`,`datacolumn`,`datavalue`) values (5076,5,6,'Site','IRRI');
insert  into `studyrawdata`(`id`,`studyid`,`datarow`,`datacolumn`,`datavalue`) values (5077,5,6,'Year','2013');
insert  into `studyrawdata`(`id`,`studyid`,`datarow`,`datacolumn`,`datavalue`) values (5078,5,6,'Season','D');
insert  into `studyrawdata`(`id`,`studyid`,`datarow`,`datacolumn`,`datavalue`) values (5079,5,6,'Rep','1');
insert  into `studyrawdata`(`id`,`studyid`,`datarow`,`datacolumn`,`datavalue`) values (5080,5,6,'RowBlock','na');
insert  into `studyrawdata`(`id`,`studyid`,`datarow`,`datacolumn`,`datavalue`) values (5081,5,6,'AWNING','na');
insert  into `studyrawdata`(`id`,`studyid`,`datarow`,`datacolumn`,`datavalue`) values (5082,5,6,'100GW','1');
insert  into `studyrawdata`(`id`,`studyid`,`datarow`,`datacolumn`,`datavalue`) values (5083,5,6,'FieldRow','6');
insert  into `studyrawdata`(`id`,`studyid`,`datarow`,`datacolumn`,`datavalue`) values (5084,5,6,'CML','1');
insert  into `studyrawdata`(`id`,`studyid`,`datarow`,`datacolumn`,`datavalue`) values (5085,5,6,'DRRE','na');
insert  into `studyrawdata`(`id`,`studyid`,`datarow`,`datacolumn`,`datavalue`) values (5086,5,6,'GRT','na');
insert  into `studyrawdata`(`id`,`studyid`,`datarow`,`datacolumn`,`datavalue`) values (5087,5,6,'Yld','na');
insert  into `studyrawdata`(`id`,`studyid`,`datarow`,`datacolumn`,`datavalue`) values (5088,5,7,'GName','IR46sub1');
insert  into `studyrawdata`(`id`,`studyid`,`datarow`,`datacolumn`,`datavalue`) values (5089,5,7,'Location','Los Banos');
insert  into `studyrawdata`(`id`,`studyid`,`datarow`,`datacolumn`,`datavalue`) values (5090,5,7,'Site','IRRI');
insert  into `studyrawdata`(`id`,`studyid`,`datarow`,`datacolumn`,`datavalue`) values (5091,5,7,'Year','2013');
insert  into `studyrawdata`(`id`,`studyid`,`datarow`,`datacolumn`,`datavalue`) values (5092,5,7,'Season','D');
insert  into `studyrawdata`(`id`,`studyid`,`datarow`,`datacolumn`,`datavalue`) values (5093,5,7,'Rep','1');
insert  into `studyrawdata`(`id`,`studyid`,`datarow`,`datacolumn`,`datavalue`) values (5094,5,7,'RowBlock','na');
insert  into `studyrawdata`(`id`,`studyid`,`datarow`,`datacolumn`,`datavalue`) values (5095,5,7,'AWNING','na');
insert  into `studyrawdata`(`id`,`studyid`,`datarow`,`datacolumn`,`datavalue`) values (5096,5,7,'100GW','1');
insert  into `studyrawdata`(`id`,`studyid`,`datarow`,`datacolumn`,`datavalue`) values (5097,5,7,'FieldRow','7');
insert  into `studyrawdata`(`id`,`studyid`,`datarow`,`datacolumn`,`datavalue`) values (5098,5,7,'CML','1');
insert  into `studyrawdata`(`id`,`studyid`,`datarow`,`datacolumn`,`datavalue`) values (5099,5,7,'DRRE','111');
insert  into `studyrawdata`(`id`,`studyid`,`datarow`,`datacolumn`,`datavalue`) values (5100,5,7,'GRT','88');
insert  into `studyrawdata`(`id`,`studyid`,`datarow`,`datacolumn`,`datavalue`) values (5101,5,7,'Yld','7.3');
insert  into `studyrawdata`(`id`,`studyid`,`datarow`,`datacolumn`,`datavalue`) values (5102,5,8,'GName',' IR8');
insert  into `studyrawdata`(`id`,`studyid`,`datarow`,`datacolumn`,`datavalue`) values (5103,5,8,'Location','Los Banos');
insert  into `studyrawdata`(`id`,`studyid`,`datarow`,`datacolumn`,`datavalue`) values (5104,5,8,'Site','IRRI');
insert  into `studyrawdata`(`id`,`studyid`,`datarow`,`datacolumn`,`datavalue`) values (5105,5,8,'Year','2013');
insert  into `studyrawdata`(`id`,`studyid`,`datarow`,`datacolumn`,`datavalue`) values (5106,5,8,'Season','D');
insert  into `studyrawdata`(`id`,`studyid`,`datarow`,`datacolumn`,`datavalue`) values (5107,5,8,'Rep','2');
insert  into `studyrawdata`(`id`,`studyid`,`datarow`,`datacolumn`,`datavalue`) values (5108,5,8,'RowBlock','na');
insert  into `studyrawdata`(`id`,`studyid`,`datarow`,`datacolumn`,`datavalue`) values (5109,5,8,'AWNING','na');
insert  into `studyrawdata`(`id`,`studyid`,`datarow`,`datacolumn`,`datavalue`) values (5110,5,8,'100GW','2');
insert  into `studyrawdata`(`id`,`studyid`,`datarow`,`datacolumn`,`datavalue`) values (5111,5,8,'FieldRow','1');
insert  into `studyrawdata`(`id`,`studyid`,`datarow`,`datacolumn`,`datavalue`) values (5112,5,8,'CML','2');
insert  into `studyrawdata`(`id`,`studyid`,`datarow`,`datacolumn`,`datavalue`) values (5113,5,8,'DRRE','111');
insert  into `studyrawdata`(`id`,`studyid`,`datarow`,`datacolumn`,`datavalue`) values (5114,5,8,'GRT','82');
insert  into `studyrawdata`(`id`,`studyid`,`datarow`,`datacolumn`,`datavalue`) values (5115,5,8,'Yld','5.1');
insert  into `studyrawdata`(`id`,`studyid`,`datarow`,`datacolumn`,`datavalue`) values (5116,5,9,'GName',' IR22');
insert  into `studyrawdata`(`id`,`studyid`,`datarow`,`datacolumn`,`datavalue`) values (5117,5,9,'Location','Los Banos');
insert  into `studyrawdata`(`id`,`studyid`,`datarow`,`datacolumn`,`datavalue`) values (5118,5,9,'Site','IRRI');
insert  into `studyrawdata`(`id`,`studyid`,`datarow`,`datacolumn`,`datavalue`) values (5119,5,9,'Year','2013');
insert  into `studyrawdata`(`id`,`studyid`,`datarow`,`datacolumn`,`datavalue`) values (5120,5,9,'Season','D');
insert  into `studyrawdata`(`id`,`studyid`,`datarow`,`datacolumn`,`datavalue`) values (5121,5,9,'Rep','2');
insert  into `studyrawdata`(`id`,`studyid`,`datarow`,`datacolumn`,`datavalue`) values (5122,5,9,'RowBlock','na');
insert  into `studyrawdata`(`id`,`studyid`,`datarow`,`datacolumn`,`datavalue`) values (5123,5,9,'AWNING','na');
insert  into `studyrawdata`(`id`,`studyid`,`datarow`,`datacolumn`,`datavalue`) values (5124,5,9,'100GW','2');
insert  into `studyrawdata`(`id`,`studyid`,`datarow`,`datacolumn`,`datavalue`) values (5125,5,9,'FieldRow','2');
insert  into `studyrawdata`(`id`,`studyid`,`datarow`,`datacolumn`,`datavalue`) values (5126,5,9,'CML','2');
insert  into `studyrawdata`(`id`,`studyid`,`datarow`,`datacolumn`,`datavalue`) values (5127,5,9,'DRRE','116');
insert  into `studyrawdata`(`id`,`studyid`,`datarow`,`datacolumn`,`datavalue`) values (5128,5,9,'GRT','87');
insert  into `studyrawdata`(`id`,`studyid`,`datarow`,`datacolumn`,`datavalue`) values (5129,5,9,'Yld','5.6');
insert  into `studyrawdata`(`id`,`studyid`,`datarow`,`datacolumn`,`datavalue`) values (5130,5,10,'GName',' IR36');
insert  into `studyrawdata`(`id`,`studyid`,`datarow`,`datacolumn`,`datavalue`) values (5131,5,10,'Location','Los Banos');
insert  into `studyrawdata`(`id`,`studyid`,`datarow`,`datacolumn`,`datavalue`) values (5132,5,10,'Site','IRRI');
insert  into `studyrawdata`(`id`,`studyid`,`datarow`,`datacolumn`,`datavalue`) values (5133,5,10,'Year','2013');
insert  into `studyrawdata`(`id`,`studyid`,`datarow`,`datacolumn`,`datavalue`) values (5134,5,10,'Season','D');
insert  into `studyrawdata`(`id`,`studyid`,`datarow`,`datacolumn`,`datavalue`) values (5135,5,10,'Rep','2');
insert  into `studyrawdata`(`id`,`studyid`,`datarow`,`datacolumn`,`datavalue`) values (5136,5,10,'RowBlock','na');
insert  into `studyrawdata`(`id`,`studyid`,`datarow`,`datacolumn`,`datavalue`) values (5137,5,10,'AWNING','na');
insert  into `studyrawdata`(`id`,`studyid`,`datarow`,`datacolumn`,`datavalue`) values (5138,5,10,'100GW','2');
insert  into `studyrawdata`(`id`,`studyid`,`datarow`,`datacolumn`,`datavalue`) values (5139,5,10,'FieldRow','3');
insert  into `studyrawdata`(`id`,`studyid`,`datarow`,`datacolumn`,`datavalue`) values (5140,5,10,'CML','2');
insert  into `studyrawdata`(`id`,`studyid`,`datarow`,`datacolumn`,`datavalue`) values (5141,5,10,'DRRE','121');
insert  into `studyrawdata`(`id`,`studyid`,`datarow`,`datacolumn`,`datavalue`) values (5142,5,10,'GRT','92');
insert  into `studyrawdata`(`id`,`studyid`,`datarow`,`datacolumn`,`datavalue`) values (5143,5,10,'Yld','6.1');
insert  into `studyrawdata`(`id`,`studyid`,`datarow`,`datacolumn`,`datavalue`) values (5144,5,11,'GName',' IR64');
insert  into `studyrawdata`(`id`,`studyid`,`datarow`,`datacolumn`,`datavalue`) values (5145,5,11,'Location','Los Banos');
insert  into `studyrawdata`(`id`,`studyid`,`datarow`,`datacolumn`,`datavalue`) values (5146,5,11,'Site','IRRI');
insert  into `studyrawdata`(`id`,`studyid`,`datarow`,`datacolumn`,`datavalue`) values (5147,5,11,'Year','2013');
insert  into `studyrawdata`(`id`,`studyid`,`datarow`,`datacolumn`,`datavalue`) values (5148,5,11,'Season','D');
insert  into `studyrawdata`(`id`,`studyid`,`datarow`,`datacolumn`,`datavalue`) values (5149,5,11,'Rep','2');
insert  into `studyrawdata`(`id`,`studyid`,`datarow`,`datacolumn`,`datavalue`) values (5150,5,11,'RowBlock','na');
insert  into `studyrawdata`(`id`,`studyid`,`datarow`,`datacolumn`,`datavalue`) values (5151,5,11,'AWNING','na');
insert  into `studyrawdata`(`id`,`studyid`,`datarow`,`datacolumn`,`datavalue`) values (5152,5,11,'100GW','2');
insert  into `studyrawdata`(`id`,`studyid`,`datarow`,`datacolumn`,`datavalue`) values (5153,5,11,'FieldRow','4');
insert  into `studyrawdata`(`id`,`studyid`,`datarow`,`datacolumn`,`datavalue`) values (5154,5,11,'CML','2');
insert  into `studyrawdata`(`id`,`studyid`,`datarow`,`datacolumn`,`datavalue`) values (5155,5,11,'DRRE','114');
insert  into `studyrawdata`(`id`,`studyid`,`datarow`,`datacolumn`,`datavalue`) values (5156,5,11,'GRT','93');
insert  into `studyrawdata`(`id`,`studyid`,`datarow`,`datacolumn`,`datavalue`) values (5157,5,11,'Yld','6.6');
insert  into `studyrawdata`(`id`,`studyid`,`datarow`,`datacolumn`,`datavalue`) values (5158,5,12,'GName',' IR72');
insert  into `studyrawdata`(`id`,`studyid`,`datarow`,`datacolumn`,`datavalue`) values (5159,5,12,'Location','Los Banos');
insert  into `studyrawdata`(`id`,`studyid`,`datarow`,`datacolumn`,`datavalue`) values (5160,5,12,'Site','IRRI');
insert  into `studyrawdata`(`id`,`studyid`,`datarow`,`datacolumn`,`datavalue`) values (5161,5,12,'Year','2013');
insert  into `studyrawdata`(`id`,`studyid`,`datarow`,`datacolumn`,`datavalue`) values (5162,5,12,'Season','D');
insert  into `studyrawdata`(`id`,`studyid`,`datarow`,`datacolumn`,`datavalue`) values (5163,5,12,'Rep','2');
insert  into `studyrawdata`(`id`,`studyid`,`datarow`,`datacolumn`,`datavalue`) values (5164,5,12,'RowBlock','na');
insert  into `studyrawdata`(`id`,`studyid`,`datarow`,`datacolumn`,`datavalue`) values (5165,5,12,'AWNING','na');
insert  into `studyrawdata`(`id`,`studyid`,`datarow`,`datacolumn`,`datavalue`) values (5166,5,12,'100GW','2');
insert  into `studyrawdata`(`id`,`studyid`,`datarow`,`datacolumn`,`datavalue`) values (5167,5,12,'FieldRow','5');
insert  into `studyrawdata`(`id`,`studyid`,`datarow`,`datacolumn`,`datavalue`) values (5168,5,12,'CML','2');
insert  into `studyrawdata`(`id`,`studyid`,`datarow`,`datacolumn`,`datavalue`) values (5169,5,12,'DRRE','106');
insert  into `studyrawdata`(`id`,`studyid`,`datarow`,`datacolumn`,`datavalue`) values (5170,5,12,'GRT','98');
insert  into `studyrawdata`(`id`,`studyid`,`datarow`,`datacolumn`,`datavalue`) values (5171,5,12,'Yld','7.1');
insert  into `studyrawdata`(`id`,`studyid`,`datarow`,`datacolumn`,`datavalue`) values (5172,5,13,'GName','RC222');
insert  into `studyrawdata`(`id`,`studyid`,`datarow`,`datacolumn`,`datavalue`) values (5173,5,13,'Location','Los Banos');
insert  into `studyrawdata`(`id`,`studyid`,`datarow`,`datacolumn`,`datavalue`) values (5174,5,13,'Site','IRRI');
insert  into `studyrawdata`(`id`,`studyid`,`datarow`,`datacolumn`,`datavalue`) values (5175,5,13,'Year','2013');
insert  into `studyrawdata`(`id`,`studyid`,`datarow`,`datacolumn`,`datavalue`) values (5176,5,13,'Season','D');
insert  into `studyrawdata`(`id`,`studyid`,`datarow`,`datacolumn`,`datavalue`) values (5177,5,13,'Rep','2');
insert  into `studyrawdata`(`id`,`studyid`,`datarow`,`datacolumn`,`datavalue`) values (5178,5,13,'RowBlock','na');
insert  into `studyrawdata`(`id`,`studyid`,`datarow`,`datacolumn`,`datavalue`) values (5179,5,13,'AWNING','na');
insert  into `studyrawdata`(`id`,`studyid`,`datarow`,`datacolumn`,`datavalue`) values (5180,5,13,'100GW','2');
insert  into `studyrawdata`(`id`,`studyid`,`datarow`,`datacolumn`,`datavalue`) values (5181,5,13,'FieldRow','6');
insert  into `studyrawdata`(`id`,`studyid`,`datarow`,`datacolumn`,`datavalue`) values (5182,5,13,'CML','2');
insert  into `studyrawdata`(`id`,`studyid`,`datarow`,`datacolumn`,`datavalue`) values (5183,5,13,'DRRE','101');
insert  into `studyrawdata`(`id`,`studyid`,`datarow`,`datacolumn`,`datavalue`) values (5184,5,13,'GRT','88');
insert  into `studyrawdata`(`id`,`studyid`,`datarow`,`datacolumn`,`datavalue`) values (5185,5,13,'Yld','7.3');
insert  into `studyrawdata`(`id`,`studyid`,`datarow`,`datacolumn`,`datavalue`) values (5186,5,14,'GName','IR46sub1');
insert  into `studyrawdata`(`id`,`studyid`,`datarow`,`datacolumn`,`datavalue`) values (5187,5,14,'Location','Los Banos');
insert  into `studyrawdata`(`id`,`studyid`,`datarow`,`datacolumn`,`datavalue`) values (5188,5,14,'Site','IRRI');
insert  into `studyrawdata`(`id`,`studyid`,`datarow`,`datacolumn`,`datavalue`) values (5189,5,14,'Year','2013');
insert  into `studyrawdata`(`id`,`studyid`,`datarow`,`datacolumn`,`datavalue`) values (5190,5,14,'Season','D');
insert  into `studyrawdata`(`id`,`studyid`,`datarow`,`datacolumn`,`datavalue`) values (5191,5,14,'Rep','2');
insert  into `studyrawdata`(`id`,`studyid`,`datarow`,`datacolumn`,`datavalue`) values (5192,5,14,'RowBlock','na');
insert  into `studyrawdata`(`id`,`studyid`,`datarow`,`datacolumn`,`datavalue`) values (5193,5,14,'AWNING','na');
insert  into `studyrawdata`(`id`,`studyid`,`datarow`,`datacolumn`,`datavalue`) values (5194,5,14,'100GW','2');
insert  into `studyrawdata`(`id`,`studyid`,`datarow`,`datacolumn`,`datavalue`) values (5195,5,14,'FieldRow','7');
insert  into `studyrawdata`(`id`,`studyid`,`datarow`,`datacolumn`,`datavalue`) values (5196,5,14,'CML','2');
insert  into `studyrawdata`(`id`,`studyid`,`datarow`,`datacolumn`,`datavalue`) values (5197,5,14,'DRRE','112');
insert  into `studyrawdata`(`id`,`studyid`,`datarow`,`datacolumn`,`datavalue`) values (5198,5,14,'GRT','90');
insert  into `studyrawdata`(`id`,`studyid`,`datarow`,`datacolumn`,`datavalue`) values (5199,5,14,'Yld','7.4');
insert  into `studyrawdata`(`id`,`studyid`,`datarow`,`datacolumn`,`datavalue`) values (5200,5,15,'GName',' IR8');
insert  into `studyrawdata`(`id`,`studyid`,`datarow`,`datacolumn`,`datavalue`) values (5201,5,15,'Location','Los Banos');
insert  into `studyrawdata`(`id`,`studyid`,`datarow`,`datacolumn`,`datavalue`) values (5202,5,15,'Site','IRRI');
insert  into `studyrawdata`(`id`,`studyid`,`datarow`,`datacolumn`,`datavalue`) values (5203,5,15,'Year','2013');
insert  into `studyrawdata`(`id`,`studyid`,`datarow`,`datacolumn`,`datavalue`) values (5204,5,15,'Season','D');
insert  into `studyrawdata`(`id`,`studyid`,`datarow`,`datacolumn`,`datavalue`) values (5205,5,15,'Rep','3');
insert  into `studyrawdata`(`id`,`studyid`,`datarow`,`datacolumn`,`datavalue`) values (5206,5,15,'RowBlock','na');
insert  into `studyrawdata`(`id`,`studyid`,`datarow`,`datacolumn`,`datavalue`) values (5207,5,15,'AWNING','na');
insert  into `studyrawdata`(`id`,`studyid`,`datarow`,`datacolumn`,`datavalue`) values (5208,5,15,'100GW','3');
insert  into `studyrawdata`(`id`,`studyid`,`datarow`,`datacolumn`,`datavalue`) values (5209,5,15,'FieldRow','1');
insert  into `studyrawdata`(`id`,`studyid`,`datarow`,`datacolumn`,`datavalue`) values (5210,5,15,'CML','3');
insert  into `studyrawdata`(`id`,`studyid`,`datarow`,`datacolumn`,`datavalue`) values (5211,5,15,'DRRE','109');
insert  into `studyrawdata`(`id`,`studyid`,`datarow`,`datacolumn`,`datavalue`) values (5212,5,15,'GRT','85');
insert  into `studyrawdata`(`id`,`studyid`,`datarow`,`datacolumn`,`datavalue`) values (5213,5,15,'Yld','5.15');
insert  into `studyrawdata`(`id`,`studyid`,`datarow`,`datacolumn`,`datavalue`) values (5214,5,16,'GName',' IR22');
insert  into `studyrawdata`(`id`,`studyid`,`datarow`,`datacolumn`,`datavalue`) values (5215,5,16,'Location','Los Banos');
insert  into `studyrawdata`(`id`,`studyid`,`datarow`,`datacolumn`,`datavalue`) values (5216,5,16,'Site','IRRI');
insert  into `studyrawdata`(`id`,`studyid`,`datarow`,`datacolumn`,`datavalue`) values (5217,5,16,'Year','2013');
insert  into `studyrawdata`(`id`,`studyid`,`datarow`,`datacolumn`,`datavalue`) values (5218,5,16,'Season','D');
insert  into `studyrawdata`(`id`,`studyid`,`datarow`,`datacolumn`,`datavalue`) values (5219,5,16,'Rep','3');
insert  into `studyrawdata`(`id`,`studyid`,`datarow`,`datacolumn`,`datavalue`) values (5220,5,16,'RowBlock','na');
insert  into `studyrawdata`(`id`,`studyid`,`datarow`,`datacolumn`,`datavalue`) values (5221,5,16,'AWNING','na');
insert  into `studyrawdata`(`id`,`studyid`,`datarow`,`datacolumn`,`datavalue`) values (5222,5,16,'100GW','3');
insert  into `studyrawdata`(`id`,`studyid`,`datarow`,`datacolumn`,`datavalue`) values (5223,5,16,'FieldRow','2');
insert  into `studyrawdata`(`id`,`studyid`,`datarow`,`datacolumn`,`datavalue`) values (5224,5,16,'CML','3');
insert  into `studyrawdata`(`id`,`studyid`,`datarow`,`datacolumn`,`datavalue`) values (5225,5,16,'DRRE','114');
insert  into `studyrawdata`(`id`,`studyid`,`datarow`,`datacolumn`,`datavalue`) values (5226,5,16,'GRT','90');
insert  into `studyrawdata`(`id`,`studyid`,`datarow`,`datacolumn`,`datavalue`) values (5227,5,16,'Yld','na');
insert  into `studyrawdata`(`id`,`studyid`,`datarow`,`datacolumn`,`datavalue`) values (5228,5,17,'GName',' IR36');
insert  into `studyrawdata`(`id`,`studyid`,`datarow`,`datacolumn`,`datavalue`) values (5229,5,17,'Location','Los Banos');
insert  into `studyrawdata`(`id`,`studyid`,`datarow`,`datacolumn`,`datavalue`) values (5230,5,17,'Site','IRRI');
insert  into `studyrawdata`(`id`,`studyid`,`datarow`,`datacolumn`,`datavalue`) values (5231,5,17,'Year','2013');
insert  into `studyrawdata`(`id`,`studyid`,`datarow`,`datacolumn`,`datavalue`) values (5232,5,17,'Season','D');
insert  into `studyrawdata`(`id`,`studyid`,`datarow`,`datacolumn`,`datavalue`) values (5233,5,17,'Rep','3');
insert  into `studyrawdata`(`id`,`studyid`,`datarow`,`datacolumn`,`datavalue`) values (5234,5,17,'RowBlock','na');
insert  into `studyrawdata`(`id`,`studyid`,`datarow`,`datacolumn`,`datavalue`) values (5235,5,17,'AWNING','na');
insert  into `studyrawdata`(`id`,`studyid`,`datarow`,`datacolumn`,`datavalue`) values (5236,5,17,'100GW','3');
insert  into `studyrawdata`(`id`,`studyid`,`datarow`,`datacolumn`,`datavalue`) values (5237,5,17,'FieldRow','3');
insert  into `studyrawdata`(`id`,`studyid`,`datarow`,`datacolumn`,`datavalue`) values (5238,5,17,'CML','3');
insert  into `studyrawdata`(`id`,`studyid`,`datarow`,`datacolumn`,`datavalue`) values (5239,5,17,'DRRE','119');
insert  into `studyrawdata`(`id`,`studyid`,`datarow`,`datacolumn`,`datavalue`) values (5240,5,17,'GRT','95');
insert  into `studyrawdata`(`id`,`studyid`,`datarow`,`datacolumn`,`datavalue`) values (5241,5,17,'Yld','6.15');
insert  into `studyrawdata`(`id`,`studyid`,`datarow`,`datacolumn`,`datavalue`) values (5242,5,18,'GName',' IR64');
insert  into `studyrawdata`(`id`,`studyid`,`datarow`,`datacolumn`,`datavalue`) values (5243,5,18,'Location','Los Banos');
insert  into `studyrawdata`(`id`,`studyid`,`datarow`,`datacolumn`,`datavalue`) values (5244,5,18,'Site','IRRI');
insert  into `studyrawdata`(`id`,`studyid`,`datarow`,`datacolumn`,`datavalue`) values (5245,5,18,'Year','2013');
insert  into `studyrawdata`(`id`,`studyid`,`datarow`,`datacolumn`,`datavalue`) values (5246,5,18,'Season','D');
insert  into `studyrawdata`(`id`,`studyid`,`datarow`,`datacolumn`,`datavalue`) values (5247,5,18,'Rep','3');
insert  into `studyrawdata`(`id`,`studyid`,`datarow`,`datacolumn`,`datavalue`) values (5248,5,18,'RowBlock','na');
insert  into `studyrawdata`(`id`,`studyid`,`datarow`,`datacolumn`,`datavalue`) values (5249,5,18,'AWNING','na');
insert  into `studyrawdata`(`id`,`studyid`,`datarow`,`datacolumn`,`datavalue`) values (5250,5,18,'100GW','3');
insert  into `studyrawdata`(`id`,`studyid`,`datarow`,`datacolumn`,`datavalue`) values (5251,5,18,'FieldRow','4');
insert  into `studyrawdata`(`id`,`studyid`,`datarow`,`datacolumn`,`datavalue`) values (5252,5,18,'CML','3');
insert  into `studyrawdata`(`id`,`studyid`,`datarow`,`datacolumn`,`datavalue`) values (5253,5,18,'DRRE','112');
insert  into `studyrawdata`(`id`,`studyid`,`datarow`,`datacolumn`,`datavalue`) values (5254,5,18,'GRT','96');
insert  into `studyrawdata`(`id`,`studyid`,`datarow`,`datacolumn`,`datavalue`) values (5255,5,18,'Yld','6.65');
insert  into `studyrawdata`(`id`,`studyid`,`datarow`,`datacolumn`,`datavalue`) values (5256,5,19,'GName',' IR72');
insert  into `studyrawdata`(`id`,`studyid`,`datarow`,`datacolumn`,`datavalue`) values (5257,5,19,'Location','Los Banos');
insert  into `studyrawdata`(`id`,`studyid`,`datarow`,`datacolumn`,`datavalue`) values (5258,5,19,'Site','IRRI');
insert  into `studyrawdata`(`id`,`studyid`,`datarow`,`datacolumn`,`datavalue`) values (5259,5,19,'Year','2013');
insert  into `studyrawdata`(`id`,`studyid`,`datarow`,`datacolumn`,`datavalue`) values (5260,5,19,'Season','D');
insert  into `studyrawdata`(`id`,`studyid`,`datarow`,`datacolumn`,`datavalue`) values (5261,5,19,'Rep','3');
insert  into `studyrawdata`(`id`,`studyid`,`datarow`,`datacolumn`,`datavalue`) values (5262,5,19,'RowBlock','na');
insert  into `studyrawdata`(`id`,`studyid`,`datarow`,`datacolumn`,`datavalue`) values (5263,5,19,'AWNING','na');
insert  into `studyrawdata`(`id`,`studyid`,`datarow`,`datacolumn`,`datavalue`) values (5264,5,19,'100GW','3');
insert  into `studyrawdata`(`id`,`studyid`,`datarow`,`datacolumn`,`datavalue`) values (5265,5,19,'FieldRow','5');
insert  into `studyrawdata`(`id`,`studyid`,`datarow`,`datacolumn`,`datavalue`) values (5266,5,19,'CML','3');
insert  into `studyrawdata`(`id`,`studyid`,`datarow`,`datacolumn`,`datavalue`) values (5267,5,19,'DRRE','104');
insert  into `studyrawdata`(`id`,`studyid`,`datarow`,`datacolumn`,`datavalue`) values (5268,5,19,'GRT','101');
insert  into `studyrawdata`(`id`,`studyid`,`datarow`,`datacolumn`,`datavalue`) values (5269,5,19,'Yld','7.15');
insert  into `studyrawdata`(`id`,`studyid`,`datarow`,`datacolumn`,`datavalue`) values (5270,5,20,'GName','RC222');
insert  into `studyrawdata`(`id`,`studyid`,`datarow`,`datacolumn`,`datavalue`) values (5271,5,20,'Location','Los Banos');
insert  into `studyrawdata`(`id`,`studyid`,`datarow`,`datacolumn`,`datavalue`) values (5272,5,20,'Site','IRRI');
insert  into `studyrawdata`(`id`,`studyid`,`datarow`,`datacolumn`,`datavalue`) values (5273,5,20,'Year','2013');
insert  into `studyrawdata`(`id`,`studyid`,`datarow`,`datacolumn`,`datavalue`) values (5274,5,20,'Season','D');
insert  into `studyrawdata`(`id`,`studyid`,`datarow`,`datacolumn`,`datavalue`) values (5275,5,20,'Rep','3');
insert  into `studyrawdata`(`id`,`studyid`,`datarow`,`datacolumn`,`datavalue`) values (5276,5,20,'RowBlock','na');
insert  into `studyrawdata`(`id`,`studyid`,`datarow`,`datacolumn`,`datavalue`) values (5277,5,20,'AWNING','na');
insert  into `studyrawdata`(`id`,`studyid`,`datarow`,`datacolumn`,`datavalue`) values (5278,5,20,'100GW','3');
insert  into `studyrawdata`(`id`,`studyid`,`datarow`,`datacolumn`,`datavalue`) values (5279,5,20,'FieldRow','6');
insert  into `studyrawdata`(`id`,`studyid`,`datarow`,`datacolumn`,`datavalue`) values (5280,5,20,'CML','3');
insert  into `studyrawdata`(`id`,`studyid`,`datarow`,`datacolumn`,`datavalue`) values (5281,5,20,'DRRE','99');
insert  into `studyrawdata`(`id`,`studyid`,`datarow`,`datacolumn`,`datavalue`) values (5282,5,20,'GRT','91');
insert  into `studyrawdata`(`id`,`studyid`,`datarow`,`datacolumn`,`datavalue`) values (5283,5,20,'Yld','na');
insert  into `studyrawdata`(`id`,`studyid`,`datarow`,`datacolumn`,`datavalue`) values (5284,5,21,'GName','IR46sub1');
insert  into `studyrawdata`(`id`,`studyid`,`datarow`,`datacolumn`,`datavalue`) values (5285,5,21,'Location','Los Banos');
insert  into `studyrawdata`(`id`,`studyid`,`datarow`,`datacolumn`,`datavalue`) values (5286,5,21,'Site','IRRI');
insert  into `studyrawdata`(`id`,`studyid`,`datarow`,`datacolumn`,`datavalue`) values (5287,5,21,'Year','2013');
insert  into `studyrawdata`(`id`,`studyid`,`datarow`,`datacolumn`,`datavalue`) values (5288,5,21,'Season','D');
insert  into `studyrawdata`(`id`,`studyid`,`datarow`,`datacolumn`,`datavalue`) values (5289,5,21,'Rep','3');
insert  into `studyrawdata`(`id`,`studyid`,`datarow`,`datacolumn`,`datavalue`) values (5290,5,21,'RowBlock','na');
insert  into `studyrawdata`(`id`,`studyid`,`datarow`,`datacolumn`,`datavalue`) values (5291,5,21,'AWNING','na');
insert  into `studyrawdata`(`id`,`studyid`,`datarow`,`datacolumn`,`datavalue`) values (5292,5,21,'100GW','3');
insert  into `studyrawdata`(`id`,`studyid`,`datarow`,`datacolumn`,`datavalue`) values (5293,5,21,'FieldRow','7');
insert  into `studyrawdata`(`id`,`studyid`,`datarow`,`datacolumn`,`datavalue`) values (5294,5,21,'CML','3');
insert  into `studyrawdata`(`id`,`studyid`,`datarow`,`datacolumn`,`datavalue`) values (5295,5,21,'DRRE','110');
insert  into `studyrawdata`(`id`,`studyid`,`datarow`,`datacolumn`,`datavalue`) values (5296,5,21,'GRT','93');
insert  into `studyrawdata`(`id`,`studyid`,`datarow`,`datacolumn`,`datavalue`) values (5297,5,21,'Yld','7.45');
insert  into `studyrawdata`(`id`,`studyid`,`datarow`,`datacolumn`,`datavalue`) values (5298,5,22,'GName',' IR8');
insert  into `studyrawdata`(`id`,`studyid`,`datarow`,`datacolumn`,`datavalue`) values (5299,5,22,'Location','Nueva Ecija');
insert  into `studyrawdata`(`id`,`studyid`,`datarow`,`datacolumn`,`datavalue`) values (5300,5,22,'Site','PhilRice');
insert  into `studyrawdata`(`id`,`studyid`,`datarow`,`datacolumn`,`datavalue`) values (5301,5,22,'Year','2013');
insert  into `studyrawdata`(`id`,`studyid`,`datarow`,`datacolumn`,`datavalue`) values (5302,5,22,'Season','D');
insert  into `studyrawdata`(`id`,`studyid`,`datarow`,`datacolumn`,`datavalue`) values (5303,5,22,'Rep','1');
insert  into `studyrawdata`(`id`,`studyid`,`datarow`,`datacolumn`,`datavalue`) values (5304,5,22,'RowBlock','na');
insert  into `studyrawdata`(`id`,`studyid`,`datarow`,`datacolumn`,`datavalue`) values (5305,5,22,'AWNING','na');
insert  into `studyrawdata`(`id`,`studyid`,`datarow`,`datacolumn`,`datavalue`) values (5306,5,22,'100GW','1');
insert  into `studyrawdata`(`id`,`studyid`,`datarow`,`datacolumn`,`datavalue`) values (5307,5,22,'FieldRow','1');
insert  into `studyrawdata`(`id`,`studyid`,`datarow`,`datacolumn`,`datavalue`) values (5308,5,22,'CML','1');
insert  into `studyrawdata`(`id`,`studyid`,`datarow`,`datacolumn`,`datavalue`) values (5309,5,22,'DRRE','112');
insert  into `studyrawdata`(`id`,`studyid`,`datarow`,`datacolumn`,`datavalue`) values (5310,5,22,'GRT','80.5');
insert  into `studyrawdata`(`id`,`studyid`,`datarow`,`datacolumn`,`datavalue`) values (5311,5,22,'Yld','5.3');
insert  into `studyrawdata`(`id`,`studyid`,`datarow`,`datacolumn`,`datavalue`) values (5312,5,23,'GName',' IR22');
insert  into `studyrawdata`(`id`,`studyid`,`datarow`,`datacolumn`,`datavalue`) values (5313,5,23,'Location','Nueva Ecija');
insert  into `studyrawdata`(`id`,`studyid`,`datarow`,`datacolumn`,`datavalue`) values (5314,5,23,'Site','PhilRice');
insert  into `studyrawdata`(`id`,`studyid`,`datarow`,`datacolumn`,`datavalue`) values (5315,5,23,'Year','2013');
insert  into `studyrawdata`(`id`,`studyid`,`datarow`,`datacolumn`,`datavalue`) values (5316,5,23,'Season','D');
insert  into `studyrawdata`(`id`,`studyid`,`datarow`,`datacolumn`,`datavalue`) values (5317,5,23,'Rep','1');
insert  into `studyrawdata`(`id`,`studyid`,`datarow`,`datacolumn`,`datavalue`) values (5318,5,23,'RowBlock','na');
insert  into `studyrawdata`(`id`,`studyid`,`datarow`,`datacolumn`,`datavalue`) values (5319,5,23,'AWNING','na');
insert  into `studyrawdata`(`id`,`studyid`,`datarow`,`datacolumn`,`datavalue`) values (5320,5,23,'100GW','1');
insert  into `studyrawdata`(`id`,`studyid`,`datarow`,`datacolumn`,`datavalue`) values (5321,5,23,'FieldRow','2');
insert  into `studyrawdata`(`id`,`studyid`,`datarow`,`datacolumn`,`datavalue`) values (5322,5,23,'CML','1');
insert  into `studyrawdata`(`id`,`studyid`,`datarow`,`datacolumn`,`datavalue`) values (5323,5,23,'DRRE','117');
insert  into `studyrawdata`(`id`,`studyid`,`datarow`,`datacolumn`,`datavalue`) values (5324,5,23,'GRT','85.5');
insert  into `studyrawdata`(`id`,`studyid`,`datarow`,`datacolumn`,`datavalue`) values (5325,5,23,'Yld','5.8');
insert  into `studyrawdata`(`id`,`studyid`,`datarow`,`datacolumn`,`datavalue`) values (5326,5,24,'GName',' IR36');
insert  into `studyrawdata`(`id`,`studyid`,`datarow`,`datacolumn`,`datavalue`) values (5327,5,24,'Location','Nueva Ecija');
insert  into `studyrawdata`(`id`,`studyid`,`datarow`,`datacolumn`,`datavalue`) values (5328,5,24,'Site','PhilRice');
insert  into `studyrawdata`(`id`,`studyid`,`datarow`,`datacolumn`,`datavalue`) values (5329,5,24,'Year','2013');
insert  into `studyrawdata`(`id`,`studyid`,`datarow`,`datacolumn`,`datavalue`) values (5330,5,24,'Season','D');
insert  into `studyrawdata`(`id`,`studyid`,`datarow`,`datacolumn`,`datavalue`) values (5331,5,24,'Rep','1');
insert  into `studyrawdata`(`id`,`studyid`,`datarow`,`datacolumn`,`datavalue`) values (5332,5,24,'RowBlock','na');
insert  into `studyrawdata`(`id`,`studyid`,`datarow`,`datacolumn`,`datavalue`) values (5333,5,24,'AWNING','na');
insert  into `studyrawdata`(`id`,`studyid`,`datarow`,`datacolumn`,`datavalue`) values (5334,5,24,'100GW','1');
insert  into `studyrawdata`(`id`,`studyid`,`datarow`,`datacolumn`,`datavalue`) values (5335,5,24,'FieldRow','3');
insert  into `studyrawdata`(`id`,`studyid`,`datarow`,`datacolumn`,`datavalue`) values (5336,5,24,'CML','1');
insert  into `studyrawdata`(`id`,`studyid`,`datarow`,`datacolumn`,`datavalue`) values (5337,5,24,'DRRE','122');
insert  into `studyrawdata`(`id`,`studyid`,`datarow`,`datacolumn`,`datavalue`) values (5338,5,24,'GRT','90.5');
insert  into `studyrawdata`(`id`,`studyid`,`datarow`,`datacolumn`,`datavalue`) values (5339,5,24,'Yld','6.3');
insert  into `studyrawdata`(`id`,`studyid`,`datarow`,`datacolumn`,`datavalue`) values (5340,5,25,'GName',' IR64');
insert  into `studyrawdata`(`id`,`studyid`,`datarow`,`datacolumn`,`datavalue`) values (5341,5,25,'Location','Nueva Ecija');
insert  into `studyrawdata`(`id`,`studyid`,`datarow`,`datacolumn`,`datavalue`) values (5342,5,25,'Site','PhilRice');
insert  into `studyrawdata`(`id`,`studyid`,`datarow`,`datacolumn`,`datavalue`) values (5343,5,25,'Year','2013');
insert  into `studyrawdata`(`id`,`studyid`,`datarow`,`datacolumn`,`datavalue`) values (5344,5,25,'Season','D');
insert  into `studyrawdata`(`id`,`studyid`,`datarow`,`datacolumn`,`datavalue`) values (5345,5,25,'Rep','1');
insert  into `studyrawdata`(`id`,`studyid`,`datarow`,`datacolumn`,`datavalue`) values (5346,5,25,'RowBlock','na');
insert  into `studyrawdata`(`id`,`studyid`,`datarow`,`datacolumn`,`datavalue`) values (5347,5,25,'AWNING','na');
insert  into `studyrawdata`(`id`,`studyid`,`datarow`,`datacolumn`,`datavalue`) values (5348,5,25,'100GW','1');
insert  into `studyrawdata`(`id`,`studyid`,`datarow`,`datacolumn`,`datavalue`) values (5349,5,25,'FieldRow','4');
insert  into `studyrawdata`(`id`,`studyid`,`datarow`,`datacolumn`,`datavalue`) values (5350,5,25,'CML','1');
insert  into `studyrawdata`(`id`,`studyid`,`datarow`,`datacolumn`,`datavalue`) values (5351,5,25,'DRRE','115');
insert  into `studyrawdata`(`id`,`studyid`,`datarow`,`datacolumn`,`datavalue`) values (5352,5,25,'GRT','91.5');
insert  into `studyrawdata`(`id`,`studyid`,`datarow`,`datacolumn`,`datavalue`) values (5353,5,25,'Yld','6.8');
insert  into `studyrawdata`(`id`,`studyid`,`datarow`,`datacolumn`,`datavalue`) values (5354,5,26,'GName',' IR72');
insert  into `studyrawdata`(`id`,`studyid`,`datarow`,`datacolumn`,`datavalue`) values (5355,5,26,'Location','Nueva Ecija');
insert  into `studyrawdata`(`id`,`studyid`,`datarow`,`datacolumn`,`datavalue`) values (5356,5,26,'Site','PhilRice');
insert  into `studyrawdata`(`id`,`studyid`,`datarow`,`datacolumn`,`datavalue`) values (5357,5,26,'Year','2013');
insert  into `studyrawdata`(`id`,`studyid`,`datarow`,`datacolumn`,`datavalue`) values (5358,5,26,'Season','D');
insert  into `studyrawdata`(`id`,`studyid`,`datarow`,`datacolumn`,`datavalue`) values (5359,5,26,'Rep','1');
insert  into `studyrawdata`(`id`,`studyid`,`datarow`,`datacolumn`,`datavalue`) values (5360,5,26,'RowBlock','na');
insert  into `studyrawdata`(`id`,`studyid`,`datarow`,`datacolumn`,`datavalue`) values (5361,5,26,'AWNING','na');
insert  into `studyrawdata`(`id`,`studyid`,`datarow`,`datacolumn`,`datavalue`) values (5362,5,26,'100GW','1');
insert  into `studyrawdata`(`id`,`studyid`,`datarow`,`datacolumn`,`datavalue`) values (5363,5,26,'FieldRow','5');
insert  into `studyrawdata`(`id`,`studyid`,`datarow`,`datacolumn`,`datavalue`) values (5364,5,26,'CML','1');
insert  into `studyrawdata`(`id`,`studyid`,`datarow`,`datacolumn`,`datavalue`) values (5365,5,26,'DRRE','107');
insert  into `studyrawdata`(`id`,`studyid`,`datarow`,`datacolumn`,`datavalue`) values (5366,5,26,'GRT','96.5');
insert  into `studyrawdata`(`id`,`studyid`,`datarow`,`datacolumn`,`datavalue`) values (5367,5,26,'Yld','7.3');
insert  into `studyrawdata`(`id`,`studyid`,`datarow`,`datacolumn`,`datavalue`) values (5368,5,27,'GName','PR01');
insert  into `studyrawdata`(`id`,`studyid`,`datarow`,`datacolumn`,`datavalue`) values (5369,5,27,'Location','Nueva Ecija');
insert  into `studyrawdata`(`id`,`studyid`,`datarow`,`datacolumn`,`datavalue`) values (5370,5,27,'Site','PhilRice');
insert  into `studyrawdata`(`id`,`studyid`,`datarow`,`datacolumn`,`datavalue`) values (5371,5,27,'Year','2013');
insert  into `studyrawdata`(`id`,`studyid`,`datarow`,`datacolumn`,`datavalue`) values (5372,5,27,'Season','D');
insert  into `studyrawdata`(`id`,`studyid`,`datarow`,`datacolumn`,`datavalue`) values (5373,5,27,'Rep','1');
insert  into `studyrawdata`(`id`,`studyid`,`datarow`,`datacolumn`,`datavalue`) values (5374,5,27,'RowBlock','na');
insert  into `studyrawdata`(`id`,`studyid`,`datarow`,`datacolumn`,`datavalue`) values (5375,5,27,'AWNING','na');
insert  into `studyrawdata`(`id`,`studyid`,`datarow`,`datacolumn`,`datavalue`) values (5376,5,27,'100GW','1');
insert  into `studyrawdata`(`id`,`studyid`,`datarow`,`datacolumn`,`datavalue`) values (5377,5,27,'FieldRow','6');
insert  into `studyrawdata`(`id`,`studyid`,`datarow`,`datacolumn`,`datavalue`) values (5378,5,27,'CML','1');
insert  into `studyrawdata`(`id`,`studyid`,`datarow`,`datacolumn`,`datavalue`) values (5379,5,27,'DRRE','102');
insert  into `studyrawdata`(`id`,`studyid`,`datarow`,`datacolumn`,`datavalue`) values (5380,5,27,'GRT','86.5');
insert  into `studyrawdata`(`id`,`studyid`,`datarow`,`datacolumn`,`datavalue`) values (5381,5,27,'Yld','7.5');
insert  into `studyrawdata`(`id`,`studyid`,`datarow`,`datacolumn`,`datavalue`) values (5382,5,28,'GName','PR02');
insert  into `studyrawdata`(`id`,`studyid`,`datarow`,`datacolumn`,`datavalue`) values (5383,5,28,'Location','Nueva Ecija');
insert  into `studyrawdata`(`id`,`studyid`,`datarow`,`datacolumn`,`datavalue`) values (5384,5,28,'Site','PhilRice');
insert  into `studyrawdata`(`id`,`studyid`,`datarow`,`datacolumn`,`datavalue`) values (5385,5,28,'Year','2013');
insert  into `studyrawdata`(`id`,`studyid`,`datarow`,`datacolumn`,`datavalue`) values (5386,5,28,'Season','D');
insert  into `studyrawdata`(`id`,`studyid`,`datarow`,`datacolumn`,`datavalue`) values (5387,5,28,'Rep','1');
insert  into `studyrawdata`(`id`,`studyid`,`datarow`,`datacolumn`,`datavalue`) values (5388,5,28,'RowBlock','na');
insert  into `studyrawdata`(`id`,`studyid`,`datarow`,`datacolumn`,`datavalue`) values (5389,5,28,'AWNING','na');
insert  into `studyrawdata`(`id`,`studyid`,`datarow`,`datacolumn`,`datavalue`) values (5390,5,28,'100GW','1');
insert  into `studyrawdata`(`id`,`studyid`,`datarow`,`datacolumn`,`datavalue`) values (5391,5,28,'FieldRow','7');
insert  into `studyrawdata`(`id`,`studyid`,`datarow`,`datacolumn`,`datavalue`) values (5392,5,28,'CML','1');
insert  into `studyrawdata`(`id`,`studyid`,`datarow`,`datacolumn`,`datavalue`) values (5393,5,28,'DRRE','113');
insert  into `studyrawdata`(`id`,`studyid`,`datarow`,`datacolumn`,`datavalue`) values (5394,5,28,'GRT','na');
insert  into `studyrawdata`(`id`,`studyid`,`datarow`,`datacolumn`,`datavalue`) values (5395,5,28,'Yld','na');
insert  into `studyrawdata`(`id`,`studyid`,`datarow`,`datacolumn`,`datavalue`) values (5396,5,29,'GName','PR03');
insert  into `studyrawdata`(`id`,`studyid`,`datarow`,`datacolumn`,`datavalue`) values (5397,5,29,'Location','Nueva Ecija');
insert  into `studyrawdata`(`id`,`studyid`,`datarow`,`datacolumn`,`datavalue`) values (5398,5,29,'Site','PhilRice');
insert  into `studyrawdata`(`id`,`studyid`,`datarow`,`datacolumn`,`datavalue`) values (5399,5,29,'Year','2013');
insert  into `studyrawdata`(`id`,`studyid`,`datarow`,`datacolumn`,`datavalue`) values (5400,5,29,'Season','D');
insert  into `studyrawdata`(`id`,`studyid`,`datarow`,`datacolumn`,`datavalue`) values (5401,5,29,'Rep','1');
insert  into `studyrawdata`(`id`,`studyid`,`datarow`,`datacolumn`,`datavalue`) values (5402,5,29,'RowBlock','na');
insert  into `studyrawdata`(`id`,`studyid`,`datarow`,`datacolumn`,`datavalue`) values (5403,5,29,'AWNING','na');
insert  into `studyrawdata`(`id`,`studyid`,`datarow`,`datacolumn`,`datavalue`) values (5404,5,29,'100GW','1');
insert  into `studyrawdata`(`id`,`studyid`,`datarow`,`datacolumn`,`datavalue`) values (5405,5,29,'FieldRow','8');
insert  into `studyrawdata`(`id`,`studyid`,`datarow`,`datacolumn`,`datavalue`) values (5406,5,29,'CML','1');
insert  into `studyrawdata`(`id`,`studyid`,`datarow`,`datacolumn`,`datavalue`) values (5407,5,29,'DRRE','113');
insert  into `studyrawdata`(`id`,`studyid`,`datarow`,`datacolumn`,`datavalue`) values (5408,5,29,'GRT','82.5');
insert  into `studyrawdata`(`id`,`studyid`,`datarow`,`datacolumn`,`datavalue`) values (5409,5,29,'Yld','5.4');
insert  into `studyrawdata`(`id`,`studyid`,`datarow`,`datacolumn`,`datavalue`) values (5410,5,30,'GName','PR04');
insert  into `studyrawdata`(`id`,`studyid`,`datarow`,`datacolumn`,`datavalue`) values (5411,5,30,'Location','Nueva Ecija');
insert  into `studyrawdata`(`id`,`studyid`,`datarow`,`datacolumn`,`datavalue`) values (5412,5,30,'Site','PhilRice');
insert  into `studyrawdata`(`id`,`studyid`,`datarow`,`datacolumn`,`datavalue`) values (5413,5,30,'Year','2013');
insert  into `studyrawdata`(`id`,`studyid`,`datarow`,`datacolumn`,`datavalue`) values (5414,5,30,'Season','D');
insert  into `studyrawdata`(`id`,`studyid`,`datarow`,`datacolumn`,`datavalue`) values (5415,5,30,'Rep','1');
insert  into `studyrawdata`(`id`,`studyid`,`datarow`,`datacolumn`,`datavalue`) values (5416,5,30,'RowBlock','na');
insert  into `studyrawdata`(`id`,`studyid`,`datarow`,`datacolumn`,`datavalue`) values (5417,5,30,'AWNING','na');
insert  into `studyrawdata`(`id`,`studyid`,`datarow`,`datacolumn`,`datavalue`) values (5418,5,30,'100GW','1');
insert  into `studyrawdata`(`id`,`studyid`,`datarow`,`datacolumn`,`datavalue`) values (5419,5,30,'FieldRow','9');
insert  into `studyrawdata`(`id`,`studyid`,`datarow`,`datacolumn`,`datavalue`) values (5420,5,30,'CML','1');
insert  into `studyrawdata`(`id`,`studyid`,`datarow`,`datacolumn`,`datavalue`) values (5421,5,30,'DRRE','118');
insert  into `studyrawdata`(`id`,`studyid`,`datarow`,`datacolumn`,`datavalue`) values (5422,5,30,'GRT','87.5');
insert  into `studyrawdata`(`id`,`studyid`,`datarow`,`datacolumn`,`datavalue`) values (5423,5,30,'Yld','5.9');
insert  into `studyrawdata`(`id`,`studyid`,`datarow`,`datacolumn`,`datavalue`) values (5424,5,31,'GName',' IR8');
insert  into `studyrawdata`(`id`,`studyid`,`datarow`,`datacolumn`,`datavalue`) values (5425,5,31,'Location','Nueva Ecija');
insert  into `studyrawdata`(`id`,`studyid`,`datarow`,`datacolumn`,`datavalue`) values (5426,5,31,'Site','PhilRice');
insert  into `studyrawdata`(`id`,`studyid`,`datarow`,`datacolumn`,`datavalue`) values (5427,5,31,'Year','2013');
insert  into `studyrawdata`(`id`,`studyid`,`datarow`,`datacolumn`,`datavalue`) values (5428,5,31,'Season','D');
insert  into `studyrawdata`(`id`,`studyid`,`datarow`,`datacolumn`,`datavalue`) values (5429,5,31,'Rep','2');
insert  into `studyrawdata`(`id`,`studyid`,`datarow`,`datacolumn`,`datavalue`) values (5430,5,31,'RowBlock','na');
insert  into `studyrawdata`(`id`,`studyid`,`datarow`,`datacolumn`,`datavalue`) values (5431,5,31,'AWNING','na');
insert  into `studyrawdata`(`id`,`studyid`,`datarow`,`datacolumn`,`datavalue`) values (5432,5,31,'100GW','2');
insert  into `studyrawdata`(`id`,`studyid`,`datarow`,`datacolumn`,`datavalue`) values (5433,5,31,'FieldRow','1');
insert  into `studyrawdata`(`id`,`studyid`,`datarow`,`datacolumn`,`datavalue`) values (5434,5,31,'CML','2');
insert  into `studyrawdata`(`id`,`studyid`,`datarow`,`datacolumn`,`datavalue`) values (5435,5,31,'DRRE','123');
insert  into `studyrawdata`(`id`,`studyid`,`datarow`,`datacolumn`,`datavalue`) values (5436,5,31,'GRT','92.5');
insert  into `studyrawdata`(`id`,`studyid`,`datarow`,`datacolumn`,`datavalue`) values (5437,5,31,'Yld','6.4');
insert  into `studyrawdata`(`id`,`studyid`,`datarow`,`datacolumn`,`datavalue`) values (5438,5,32,'GName',' IR22');
insert  into `studyrawdata`(`id`,`studyid`,`datarow`,`datacolumn`,`datavalue`) values (5439,5,32,'Location','Nueva Ecija');
insert  into `studyrawdata`(`id`,`studyid`,`datarow`,`datacolumn`,`datavalue`) values (5440,5,32,'Site','PhilRice');
insert  into `studyrawdata`(`id`,`studyid`,`datarow`,`datacolumn`,`datavalue`) values (5441,5,32,'Year','2013');
insert  into `studyrawdata`(`id`,`studyid`,`datarow`,`datacolumn`,`datavalue`) values (5442,5,32,'Season','D');
insert  into `studyrawdata`(`id`,`studyid`,`datarow`,`datacolumn`,`datavalue`) values (5443,5,32,'Rep','2');
insert  into `studyrawdata`(`id`,`studyid`,`datarow`,`datacolumn`,`datavalue`) values (5444,5,32,'RowBlock','na');
insert  into `studyrawdata`(`id`,`studyid`,`datarow`,`datacolumn`,`datavalue`) values (5445,5,32,'AWNING','na');
insert  into `studyrawdata`(`id`,`studyid`,`datarow`,`datacolumn`,`datavalue`) values (5446,5,32,'100GW','2');
insert  into `studyrawdata`(`id`,`studyid`,`datarow`,`datacolumn`,`datavalue`) values (5447,5,32,'FieldRow','2');
insert  into `studyrawdata`(`id`,`studyid`,`datarow`,`datacolumn`,`datavalue`) values (5448,5,32,'CML','2');
insert  into `studyrawdata`(`id`,`studyid`,`datarow`,`datacolumn`,`datavalue`) values (5449,5,32,'DRRE','116');
insert  into `studyrawdata`(`id`,`studyid`,`datarow`,`datacolumn`,`datavalue`) values (5450,5,32,'GRT','93.5');
insert  into `studyrawdata`(`id`,`studyid`,`datarow`,`datacolumn`,`datavalue`) values (5451,5,32,'Yld','6.9');
insert  into `studyrawdata`(`id`,`studyid`,`datarow`,`datacolumn`,`datavalue`) values (5452,5,33,'GName',' IR36');
insert  into `studyrawdata`(`id`,`studyid`,`datarow`,`datacolumn`,`datavalue`) values (5453,5,33,'Location','Nueva Ecija');
insert  into `studyrawdata`(`id`,`studyid`,`datarow`,`datacolumn`,`datavalue`) values (5454,5,33,'Site','PhilRice');
insert  into `studyrawdata`(`id`,`studyid`,`datarow`,`datacolumn`,`datavalue`) values (5455,5,33,'Year','2013');
insert  into `studyrawdata`(`id`,`studyid`,`datarow`,`datacolumn`,`datavalue`) values (5456,5,33,'Season','D');
insert  into `studyrawdata`(`id`,`studyid`,`datarow`,`datacolumn`,`datavalue`) values (5457,5,33,'Rep','2');
insert  into `studyrawdata`(`id`,`studyid`,`datarow`,`datacolumn`,`datavalue`) values (5458,5,33,'RowBlock','na');
insert  into `studyrawdata`(`id`,`studyid`,`datarow`,`datacolumn`,`datavalue`) values (5459,5,33,'AWNING','na');
insert  into `studyrawdata`(`id`,`studyid`,`datarow`,`datacolumn`,`datavalue`) values (5460,5,33,'100GW','2');
insert  into `studyrawdata`(`id`,`studyid`,`datarow`,`datacolumn`,`datavalue`) values (5461,5,33,'FieldRow','3');
insert  into `studyrawdata`(`id`,`studyid`,`datarow`,`datacolumn`,`datavalue`) values (5462,5,33,'CML','2');
insert  into `studyrawdata`(`id`,`studyid`,`datarow`,`datacolumn`,`datavalue`) values (5463,5,33,'DRRE','108');
insert  into `studyrawdata`(`id`,`studyid`,`datarow`,`datacolumn`,`datavalue`) values (5464,5,33,'GRT','98.5');
insert  into `studyrawdata`(`id`,`studyid`,`datarow`,`datacolumn`,`datavalue`) values (5465,5,33,'Yld','7.4');
insert  into `studyrawdata`(`id`,`studyid`,`datarow`,`datacolumn`,`datavalue`) values (5466,5,34,'GName',' IR64');
insert  into `studyrawdata`(`id`,`studyid`,`datarow`,`datacolumn`,`datavalue`) values (5467,5,34,'Location','Nueva Ecija');
insert  into `studyrawdata`(`id`,`studyid`,`datarow`,`datacolumn`,`datavalue`) values (5468,5,34,'Site','PhilRice');
insert  into `studyrawdata`(`id`,`studyid`,`datarow`,`datacolumn`,`datavalue`) values (5469,5,34,'Year','2013');
insert  into `studyrawdata`(`id`,`studyid`,`datarow`,`datacolumn`,`datavalue`) values (5470,5,34,'Season','D');
insert  into `studyrawdata`(`id`,`studyid`,`datarow`,`datacolumn`,`datavalue`) values (5471,5,34,'Rep','2');
insert  into `studyrawdata`(`id`,`studyid`,`datarow`,`datacolumn`,`datavalue`) values (5472,5,34,'RowBlock','na');
insert  into `studyrawdata`(`id`,`studyid`,`datarow`,`datacolumn`,`datavalue`) values (5473,5,34,'AWNING','na');
insert  into `studyrawdata`(`id`,`studyid`,`datarow`,`datacolumn`,`datavalue`) values (5474,5,34,'100GW','2');
insert  into `studyrawdata`(`id`,`studyid`,`datarow`,`datacolumn`,`datavalue`) values (5475,5,34,'FieldRow','4');
insert  into `studyrawdata`(`id`,`studyid`,`datarow`,`datacolumn`,`datavalue`) values (5476,5,34,'CML','2');
insert  into `studyrawdata`(`id`,`studyid`,`datarow`,`datacolumn`,`datavalue`) values (5477,5,34,'DRRE','103');
insert  into `studyrawdata`(`id`,`studyid`,`datarow`,`datacolumn`,`datavalue`) values (5478,5,34,'GRT','88.5');
insert  into `studyrawdata`(`id`,`studyid`,`datarow`,`datacolumn`,`datavalue`) values (5479,5,34,'Yld','7.6');
insert  into `studyrawdata`(`id`,`studyid`,`datarow`,`datacolumn`,`datavalue`) values (5480,5,35,'GName',' IR72');
insert  into `studyrawdata`(`id`,`studyid`,`datarow`,`datacolumn`,`datavalue`) values (5481,5,35,'Location','Nueva Ecija');
insert  into `studyrawdata`(`id`,`studyid`,`datarow`,`datacolumn`,`datavalue`) values (5482,5,35,'Site','PhilRice');
insert  into `studyrawdata`(`id`,`studyid`,`datarow`,`datacolumn`,`datavalue`) values (5483,5,35,'Year','2013');
insert  into `studyrawdata`(`id`,`studyid`,`datarow`,`datacolumn`,`datavalue`) values (5484,5,35,'Season','D');
insert  into `studyrawdata`(`id`,`studyid`,`datarow`,`datacolumn`,`datavalue`) values (5485,5,35,'Rep','2');
insert  into `studyrawdata`(`id`,`studyid`,`datarow`,`datacolumn`,`datavalue`) values (5486,5,35,'RowBlock','na');
insert  into `studyrawdata`(`id`,`studyid`,`datarow`,`datacolumn`,`datavalue`) values (5487,5,35,'AWNING','na');
insert  into `studyrawdata`(`id`,`studyid`,`datarow`,`datacolumn`,`datavalue`) values (5488,5,35,'100GW','2');
insert  into `studyrawdata`(`id`,`studyid`,`datarow`,`datacolumn`,`datavalue`) values (5489,5,35,'FieldRow','5');
insert  into `studyrawdata`(`id`,`studyid`,`datarow`,`datacolumn`,`datavalue`) values (5490,5,35,'CML','2');
insert  into `studyrawdata`(`id`,`studyid`,`datarow`,`datacolumn`,`datavalue`) values (5491,5,35,'DRRE','114');
insert  into `studyrawdata`(`id`,`studyid`,`datarow`,`datacolumn`,`datavalue`) values (5492,5,35,'GRT','90.5');
insert  into `studyrawdata`(`id`,`studyid`,`datarow`,`datacolumn`,`datavalue`) values (5493,5,35,'Yld','7.7');
insert  into `studyrawdata`(`id`,`studyid`,`datarow`,`datacolumn`,`datavalue`) values (5494,5,36,'GName','PR01');
insert  into `studyrawdata`(`id`,`studyid`,`datarow`,`datacolumn`,`datavalue`) values (5495,5,36,'Location','Nueva Ecija');
insert  into `studyrawdata`(`id`,`studyid`,`datarow`,`datacolumn`,`datavalue`) values (5496,5,36,'Site','PhilRice');
insert  into `studyrawdata`(`id`,`studyid`,`datarow`,`datacolumn`,`datavalue`) values (5497,5,36,'Year','2013');
insert  into `studyrawdata`(`id`,`studyid`,`datarow`,`datacolumn`,`datavalue`) values (5498,5,36,'Season','D');
insert  into `studyrawdata`(`id`,`studyid`,`datarow`,`datacolumn`,`datavalue`) values (5499,5,36,'Rep','1');
insert  into `studyrawdata`(`id`,`studyid`,`datarow`,`datacolumn`,`datavalue`) values (5500,5,36,'RowBlock','na');
insert  into `studyrawdata`(`id`,`studyid`,`datarow`,`datacolumn`,`datavalue`) values (5501,5,36,'AWNING','na');
insert  into `studyrawdata`(`id`,`studyid`,`datarow`,`datacolumn`,`datavalue`) values (5502,5,36,'100GW','1');
insert  into `studyrawdata`(`id`,`studyid`,`datarow`,`datacolumn`,`datavalue`) values (5503,5,36,'FieldRow','6');
insert  into `studyrawdata`(`id`,`studyid`,`datarow`,`datacolumn`,`datavalue`) values (5504,5,36,'CML','2');
insert  into `studyrawdata`(`id`,`studyid`,`datarow`,`datacolumn`,`datavalue`) values (5505,5,36,'DRRE','111');
insert  into `studyrawdata`(`id`,`studyid`,`datarow`,`datacolumn`,`datavalue`) values (5506,5,36,'GRT','85.5');
insert  into `studyrawdata`(`id`,`studyid`,`datarow`,`datacolumn`,`datavalue`) values (5507,5,36,'Yld','5.45');
insert  into `studyrawdata`(`id`,`studyid`,`datarow`,`datacolumn`,`datavalue`) values (5508,5,37,'GName','PR02');
insert  into `studyrawdata`(`id`,`studyid`,`datarow`,`datacolumn`,`datavalue`) values (5509,5,37,'Location','Nueva Ecija');
insert  into `studyrawdata`(`id`,`studyid`,`datarow`,`datacolumn`,`datavalue`) values (5510,5,37,'Site','PhilRice');
insert  into `studyrawdata`(`id`,`studyid`,`datarow`,`datacolumn`,`datavalue`) values (5511,5,37,'Year','2013');
insert  into `studyrawdata`(`id`,`studyid`,`datarow`,`datacolumn`,`datavalue`) values (5512,5,37,'Season','D');
insert  into `studyrawdata`(`id`,`studyid`,`datarow`,`datacolumn`,`datavalue`) values (5513,5,37,'Rep','1');
insert  into `studyrawdata`(`id`,`studyid`,`datarow`,`datacolumn`,`datavalue`) values (5514,5,37,'RowBlock','na');
insert  into `studyrawdata`(`id`,`studyid`,`datarow`,`datacolumn`,`datavalue`) values (5515,5,37,'AWNING','na');
insert  into `studyrawdata`(`id`,`studyid`,`datarow`,`datacolumn`,`datavalue`) values (5516,5,37,'100GW','1');
insert  into `studyrawdata`(`id`,`studyid`,`datarow`,`datacolumn`,`datavalue`) values (5517,5,37,'FieldRow','7');
insert  into `studyrawdata`(`id`,`studyid`,`datarow`,`datacolumn`,`datavalue`) values (5518,5,37,'CML','2');
insert  into `studyrawdata`(`id`,`studyid`,`datarow`,`datacolumn`,`datavalue`) values (5519,5,37,'DRRE','116');
insert  into `studyrawdata`(`id`,`studyid`,`datarow`,`datacolumn`,`datavalue`) values (5520,5,37,'GRT','90.5');
insert  into `studyrawdata`(`id`,`studyid`,`datarow`,`datacolumn`,`datavalue`) values (5521,5,37,'Yld','5.95');
insert  into `studyrawdata`(`id`,`studyid`,`datarow`,`datacolumn`,`datavalue`) values (5522,5,38,'GName','PR03');
insert  into `studyrawdata`(`id`,`studyid`,`datarow`,`datacolumn`,`datavalue`) values (5523,5,38,'Location','Nueva Ecija');
insert  into `studyrawdata`(`id`,`studyid`,`datarow`,`datacolumn`,`datavalue`) values (5524,5,38,'Site','PhilRice');
insert  into `studyrawdata`(`id`,`studyid`,`datarow`,`datacolumn`,`datavalue`) values (5525,5,38,'Year','2013');
insert  into `studyrawdata`(`id`,`studyid`,`datarow`,`datacolumn`,`datavalue`) values (5526,5,38,'Season','D');
insert  into `studyrawdata`(`id`,`studyid`,`datarow`,`datacolumn`,`datavalue`) values (5527,5,38,'Rep','1');
insert  into `studyrawdata`(`id`,`studyid`,`datarow`,`datacolumn`,`datavalue`) values (5528,5,38,'RowBlock','na');
insert  into `studyrawdata`(`id`,`studyid`,`datarow`,`datacolumn`,`datavalue`) values (5529,5,38,'AWNING','na');
insert  into `studyrawdata`(`id`,`studyid`,`datarow`,`datacolumn`,`datavalue`) values (5530,5,38,'100GW','1');
insert  into `studyrawdata`(`id`,`studyid`,`datarow`,`datacolumn`,`datavalue`) values (5531,5,38,'FieldRow','8');
insert  into `studyrawdata`(`id`,`studyid`,`datarow`,`datacolumn`,`datavalue`) values (5532,5,38,'CML','2');
insert  into `studyrawdata`(`id`,`studyid`,`datarow`,`datacolumn`,`datavalue`) values (5533,5,38,'DRRE','121');
insert  into `studyrawdata`(`id`,`studyid`,`datarow`,`datacolumn`,`datavalue`) values (5534,5,38,'GRT','95.5');
insert  into `studyrawdata`(`id`,`studyid`,`datarow`,`datacolumn`,`datavalue`) values (5535,5,38,'Yld','6.45');
insert  into `studyrawdata`(`id`,`studyid`,`datarow`,`datacolumn`,`datavalue`) values (5536,5,39,'GName','PR04');
insert  into `studyrawdata`(`id`,`studyid`,`datarow`,`datacolumn`,`datavalue`) values (5537,5,39,'Location','Nueva Ecija');
insert  into `studyrawdata`(`id`,`studyid`,`datarow`,`datacolumn`,`datavalue`) values (5538,5,39,'Site','PhilRice');
insert  into `studyrawdata`(`id`,`studyid`,`datarow`,`datacolumn`,`datavalue`) values (5539,5,39,'Year','2013');
insert  into `studyrawdata`(`id`,`studyid`,`datarow`,`datacolumn`,`datavalue`) values (5540,5,39,'Season','D');
insert  into `studyrawdata`(`id`,`studyid`,`datarow`,`datacolumn`,`datavalue`) values (5541,5,39,'Rep','1');
insert  into `studyrawdata`(`id`,`studyid`,`datarow`,`datacolumn`,`datavalue`) values (5542,5,39,'RowBlock','na');
insert  into `studyrawdata`(`id`,`studyid`,`datarow`,`datacolumn`,`datavalue`) values (5543,5,39,'AWNING','na');
insert  into `studyrawdata`(`id`,`studyid`,`datarow`,`datacolumn`,`datavalue`) values (5544,5,39,'100GW','1');
insert  into `studyrawdata`(`id`,`studyid`,`datarow`,`datacolumn`,`datavalue`) values (5545,5,39,'FieldRow','9');
insert  into `studyrawdata`(`id`,`studyid`,`datarow`,`datacolumn`,`datavalue`) values (5546,5,39,'CML','3');
insert  into `studyrawdata`(`id`,`studyid`,`datarow`,`datacolumn`,`datavalue`) values (5547,5,39,'DRRE','na');
insert  into `studyrawdata`(`id`,`studyid`,`datarow`,`datacolumn`,`datavalue`) values (5548,5,39,'GRT','na');
insert  into `studyrawdata`(`id`,`studyid`,`datarow`,`datacolumn`,`datavalue`) values (5549,5,39,'Yld','na');
insert  into `studyrawdata`(`id`,`studyid`,`datarow`,`datacolumn`,`datavalue`) values (5550,5,40,'GName',' IR22');
insert  into `studyrawdata`(`id`,`studyid`,`datarow`,`datacolumn`,`datavalue`) values (5551,5,40,'Location','Nueva Ecija');
insert  into `studyrawdata`(`id`,`studyid`,`datarow`,`datacolumn`,`datavalue`) values (5552,5,40,'Site','PhilRice');
insert  into `studyrawdata`(`id`,`studyid`,`datarow`,`datacolumn`,`datavalue`) values (5553,5,40,'Year','2013');
insert  into `studyrawdata`(`id`,`studyid`,`datarow`,`datacolumn`,`datavalue`) values (5554,5,40,'Season','D');
insert  into `studyrawdata`(`id`,`studyid`,`datarow`,`datacolumn`,`datavalue`) values (5555,5,40,'Rep','3');
insert  into `studyrawdata`(`id`,`studyid`,`datarow`,`datacolumn`,`datavalue`) values (5556,5,40,'RowBlock','na');
insert  into `studyrawdata`(`id`,`studyid`,`datarow`,`datacolumn`,`datavalue`) values (5557,5,40,'AWNING','na');
insert  into `studyrawdata`(`id`,`studyid`,`datarow`,`datacolumn`,`datavalue`) values (5558,5,40,'100GW','3');
insert  into `studyrawdata`(`id`,`studyid`,`datarow`,`datacolumn`,`datavalue`) values (5559,5,40,'FieldRow','2');
insert  into `studyrawdata`(`id`,`studyid`,`datarow`,`datacolumn`,`datavalue`) values (5560,5,40,'CML','3');
insert  into `studyrawdata`(`id`,`studyid`,`datarow`,`datacolumn`,`datavalue`) values (5561,5,40,'DRRE','106');
insert  into `studyrawdata`(`id`,`studyid`,`datarow`,`datacolumn`,`datavalue`) values (5562,5,40,'GRT','101.5');
insert  into `studyrawdata`(`id`,`studyid`,`datarow`,`datacolumn`,`datavalue`) values (5563,5,40,'Yld','7.45');
insert  into `studyrawdata`(`id`,`studyid`,`datarow`,`datacolumn`,`datavalue`) values (5564,5,41,'GName',' IR36');
insert  into `studyrawdata`(`id`,`studyid`,`datarow`,`datacolumn`,`datavalue`) values (5565,5,41,'Location','Nueva Ecija');
insert  into `studyrawdata`(`id`,`studyid`,`datarow`,`datacolumn`,`datavalue`) values (5566,5,41,'Site','PhilRice');
insert  into `studyrawdata`(`id`,`studyid`,`datarow`,`datacolumn`,`datavalue`) values (5567,5,41,'Year','2013');
insert  into `studyrawdata`(`id`,`studyid`,`datarow`,`datacolumn`,`datavalue`) values (5568,5,41,'Season','D');
insert  into `studyrawdata`(`id`,`studyid`,`datarow`,`datacolumn`,`datavalue`) values (5569,5,41,'Rep','3');
insert  into `studyrawdata`(`id`,`studyid`,`datarow`,`datacolumn`,`datavalue`) values (5570,5,41,'RowBlock','na');
insert  into `studyrawdata`(`id`,`studyid`,`datarow`,`datacolumn`,`datavalue`) values (5571,5,41,'AWNING','na');
insert  into `studyrawdata`(`id`,`studyid`,`datarow`,`datacolumn`,`datavalue`) values (5572,5,41,'100GW','3');
insert  into `studyrawdata`(`id`,`studyid`,`datarow`,`datacolumn`,`datavalue`) values (5573,5,41,'FieldRow','3');
insert  into `studyrawdata`(`id`,`studyid`,`datarow`,`datacolumn`,`datavalue`) values (5574,5,41,'CML','3');
insert  into `studyrawdata`(`id`,`studyid`,`datarow`,`datacolumn`,`datavalue`) values (5575,5,41,'DRRE','101');
insert  into `studyrawdata`(`id`,`studyid`,`datarow`,`datacolumn`,`datavalue`) values (5576,5,41,'GRT','91.5');
insert  into `studyrawdata`(`id`,`studyid`,`datarow`,`datacolumn`,`datavalue`) values (5577,5,41,'Yld','7.65');
insert  into `studyrawdata`(`id`,`studyid`,`datarow`,`datacolumn`,`datavalue`) values (5578,5,42,'GName',' IR64');
insert  into `studyrawdata`(`id`,`studyid`,`datarow`,`datacolumn`,`datavalue`) values (5579,5,42,'Location','Nueva Ecija');
insert  into `studyrawdata`(`id`,`studyid`,`datarow`,`datacolumn`,`datavalue`) values (5580,5,42,'Site','PhilRice');
insert  into `studyrawdata`(`id`,`studyid`,`datarow`,`datacolumn`,`datavalue`) values (5581,5,42,'Year','2013');
insert  into `studyrawdata`(`id`,`studyid`,`datarow`,`datacolumn`,`datavalue`) values (5582,5,42,'Season','D');
insert  into `studyrawdata`(`id`,`studyid`,`datarow`,`datacolumn`,`datavalue`) values (5583,5,42,'Rep','3');
insert  into `studyrawdata`(`id`,`studyid`,`datarow`,`datacolumn`,`datavalue`) values (5584,5,42,'RowBlock','na');
insert  into `studyrawdata`(`id`,`studyid`,`datarow`,`datacolumn`,`datavalue`) values (5585,5,42,'AWNING','na');
insert  into `studyrawdata`(`id`,`studyid`,`datarow`,`datacolumn`,`datavalue`) values (5586,5,42,'100GW','3');
insert  into `studyrawdata`(`id`,`studyid`,`datarow`,`datacolumn`,`datavalue`) values (5587,5,42,'FieldRow','4');
insert  into `studyrawdata`(`id`,`studyid`,`datarow`,`datacolumn`,`datavalue`) values (5588,5,42,'CML','3');
insert  into `studyrawdata`(`id`,`studyid`,`datarow`,`datacolumn`,`datavalue`) values (5589,5,42,'DRRE','112');
insert  into `studyrawdata`(`id`,`studyid`,`datarow`,`datacolumn`,`datavalue`) values (5590,5,42,'GRT','93.5');
insert  into `studyrawdata`(`id`,`studyid`,`datarow`,`datacolumn`,`datavalue`) values (5591,5,42,'Yld','7.75');
insert  into `studyrawdata`(`id`,`studyid`,`datarow`,`datacolumn`,`datavalue`) values (5592,5,43,'GName',' IR72');
insert  into `studyrawdata`(`id`,`studyid`,`datarow`,`datacolumn`,`datavalue`) values (5593,5,43,'Location','Nueva Ecija');
insert  into `studyrawdata`(`id`,`studyid`,`datarow`,`datacolumn`,`datavalue`) values (5594,5,43,'Site','PhilRice');
insert  into `studyrawdata`(`id`,`studyid`,`datarow`,`datacolumn`,`datavalue`) values (5595,5,43,'Year','2013');
insert  into `studyrawdata`(`id`,`studyid`,`datarow`,`datacolumn`,`datavalue`) values (5596,5,43,'Season','D');
insert  into `studyrawdata`(`id`,`studyid`,`datarow`,`datacolumn`,`datavalue`) values (5597,5,43,'Rep','3');
insert  into `studyrawdata`(`id`,`studyid`,`datarow`,`datacolumn`,`datavalue`) values (5598,5,43,'RowBlock','na');
insert  into `studyrawdata`(`id`,`studyid`,`datarow`,`datacolumn`,`datavalue`) values (5599,5,43,'AWNING','na');
insert  into `studyrawdata`(`id`,`studyid`,`datarow`,`datacolumn`,`datavalue`) values (5600,5,43,'100GW','3');
insert  into `studyrawdata`(`id`,`studyid`,`datarow`,`datacolumn`,`datavalue`) values (5601,5,43,'FieldRow','5');
insert  into `studyrawdata`(`id`,`studyid`,`datarow`,`datacolumn`,`datavalue`) values (5602,5,43,'CML','3');
insert  into `studyrawdata`(`id`,`studyid`,`datarow`,`datacolumn`,`datavalue`) values (5603,5,43,'DRRE','114');
insert  into `studyrawdata`(`id`,`studyid`,`datarow`,`datacolumn`,`datavalue`) values (5604,5,43,'GRT','81');
insert  into `studyrawdata`(`id`,`studyid`,`datarow`,`datacolumn`,`datavalue`) values (5605,5,43,'Yld','5.6');
insert  into `studyrawdata`(`id`,`studyid`,`datarow`,`datacolumn`,`datavalue`) values (5606,5,44,'GName','PR01');
insert  into `studyrawdata`(`id`,`studyid`,`datarow`,`datacolumn`,`datavalue`) values (5607,5,44,'Location','Nueva Ecija');
insert  into `studyrawdata`(`id`,`studyid`,`datarow`,`datacolumn`,`datavalue`) values (5608,5,44,'Site','PhilRice');
insert  into `studyrawdata`(`id`,`studyid`,`datarow`,`datacolumn`,`datavalue`) values (5609,5,44,'Year','2013');
insert  into `studyrawdata`(`id`,`studyid`,`datarow`,`datacolumn`,`datavalue`) values (5610,5,44,'Season','D');
insert  into `studyrawdata`(`id`,`studyid`,`datarow`,`datacolumn`,`datavalue`) values (5611,5,44,'Rep','1');
insert  into `studyrawdata`(`id`,`studyid`,`datarow`,`datacolumn`,`datavalue`) values (5612,5,44,'RowBlock','na');
insert  into `studyrawdata`(`id`,`studyid`,`datarow`,`datacolumn`,`datavalue`) values (5613,5,44,'AWNING','na');
insert  into `studyrawdata`(`id`,`studyid`,`datarow`,`datacolumn`,`datavalue`) values (5614,5,44,'100GW','1');
insert  into `studyrawdata`(`id`,`studyid`,`datarow`,`datacolumn`,`datavalue`) values (5615,5,44,'FieldRow','6');
insert  into `studyrawdata`(`id`,`studyid`,`datarow`,`datacolumn`,`datavalue`) values (5616,5,44,'CML','3');
insert  into `studyrawdata`(`id`,`studyid`,`datarow`,`datacolumn`,`datavalue`) values (5617,5,44,'DRRE','119');
insert  into `studyrawdata`(`id`,`studyid`,`datarow`,`datacolumn`,`datavalue`) values (5618,5,44,'GRT','86');
insert  into `studyrawdata`(`id`,`studyid`,`datarow`,`datacolumn`,`datavalue`) values (5619,5,44,'Yld','6.1');
insert  into `studyrawdata`(`id`,`studyid`,`datarow`,`datacolumn`,`datavalue`) values (5620,5,45,'GName','PR02');
insert  into `studyrawdata`(`id`,`studyid`,`datarow`,`datacolumn`,`datavalue`) values (5621,5,45,'Location','Nueva Ecija');
insert  into `studyrawdata`(`id`,`studyid`,`datarow`,`datacolumn`,`datavalue`) values (5622,5,45,'Site','PhilRice');
insert  into `studyrawdata`(`id`,`studyid`,`datarow`,`datacolumn`,`datavalue`) values (5623,5,45,'Year','2013');
insert  into `studyrawdata`(`id`,`studyid`,`datarow`,`datacolumn`,`datavalue`) values (5624,5,45,'Season','D');
insert  into `studyrawdata`(`id`,`studyid`,`datarow`,`datacolumn`,`datavalue`) values (5625,5,45,'Rep','1');
insert  into `studyrawdata`(`id`,`studyid`,`datarow`,`datacolumn`,`datavalue`) values (5626,5,45,'RowBlock','na');
insert  into `studyrawdata`(`id`,`studyid`,`datarow`,`datacolumn`,`datavalue`) values (5627,5,45,'AWNING','na');
insert  into `studyrawdata`(`id`,`studyid`,`datarow`,`datacolumn`,`datavalue`) values (5628,5,45,'100GW','1');
insert  into `studyrawdata`(`id`,`studyid`,`datarow`,`datacolumn`,`datavalue`) values (5629,5,45,'FieldRow','7');
insert  into `studyrawdata`(`id`,`studyid`,`datarow`,`datacolumn`,`datavalue`) values (5630,5,45,'CML','3');
insert  into `studyrawdata`(`id`,`studyid`,`datarow`,`datacolumn`,`datavalue`) values (5631,5,45,'DRRE','124');
insert  into `studyrawdata`(`id`,`studyid`,`datarow`,`datacolumn`,`datavalue`) values (5632,5,45,'GRT','91');
insert  into `studyrawdata`(`id`,`studyid`,`datarow`,`datacolumn`,`datavalue`) values (5633,5,45,'Yld','6.6');
insert  into `studyrawdata`(`id`,`studyid`,`datarow`,`datacolumn`,`datavalue`) values (5634,5,46,'GName','PR03');
insert  into `studyrawdata`(`id`,`studyid`,`datarow`,`datacolumn`,`datavalue`) values (5635,5,46,'Location','Nueva Ecija');
insert  into `studyrawdata`(`id`,`studyid`,`datarow`,`datacolumn`,`datavalue`) values (5636,5,46,'Site','PhilRice');
insert  into `studyrawdata`(`id`,`studyid`,`datarow`,`datacolumn`,`datavalue`) values (5637,5,46,'Year','2013');
insert  into `studyrawdata`(`id`,`studyid`,`datarow`,`datacolumn`,`datavalue`) values (5638,5,46,'Season','D');
insert  into `studyrawdata`(`id`,`studyid`,`datarow`,`datacolumn`,`datavalue`) values (5639,5,46,'Rep','1');
insert  into `studyrawdata`(`id`,`studyid`,`datarow`,`datacolumn`,`datavalue`) values (5640,5,46,'RowBlock','na');
insert  into `studyrawdata`(`id`,`studyid`,`datarow`,`datacolumn`,`datavalue`) values (5641,5,46,'AWNING','na');
insert  into `studyrawdata`(`id`,`studyid`,`datarow`,`datacolumn`,`datavalue`) values (5642,5,46,'100GW','1');
insert  into `studyrawdata`(`id`,`studyid`,`datarow`,`datacolumn`,`datavalue`) values (5643,5,46,'FieldRow','8');
insert  into `studyrawdata`(`id`,`studyid`,`datarow`,`datacolumn`,`datavalue`) values (5644,5,46,'CML','3');
insert  into `studyrawdata`(`id`,`studyid`,`datarow`,`datacolumn`,`datavalue`) values (5645,5,46,'DRRE','117');
insert  into `studyrawdata`(`id`,`studyid`,`datarow`,`datacolumn`,`datavalue`) values (5646,5,46,'GRT','92');
insert  into `studyrawdata`(`id`,`studyid`,`datarow`,`datacolumn`,`datavalue`) values (5647,5,46,'Yld','7.1');
insert  into `studyrawdata`(`id`,`studyid`,`datarow`,`datacolumn`,`datavalue`) values (5648,5,47,'GName','PR04');
insert  into `studyrawdata`(`id`,`studyid`,`datarow`,`datacolumn`,`datavalue`) values (5649,5,47,'Location','Nueva Ecija');
insert  into `studyrawdata`(`id`,`studyid`,`datarow`,`datacolumn`,`datavalue`) values (5650,5,47,'Site','PhilRice');
insert  into `studyrawdata`(`id`,`studyid`,`datarow`,`datacolumn`,`datavalue`) values (5651,5,47,'Year','2013');
insert  into `studyrawdata`(`id`,`studyid`,`datarow`,`datacolumn`,`datavalue`) values (5652,5,47,'Season','D');
insert  into `studyrawdata`(`id`,`studyid`,`datarow`,`datacolumn`,`datavalue`) values (5653,5,47,'Rep','1');
insert  into `studyrawdata`(`id`,`studyid`,`datarow`,`datacolumn`,`datavalue`) values (5654,5,47,'RowBlock','na');
insert  into `studyrawdata`(`id`,`studyid`,`datarow`,`datacolumn`,`datavalue`) values (5655,5,47,'AWNING','na');
insert  into `studyrawdata`(`id`,`studyid`,`datarow`,`datacolumn`,`datavalue`) values (5656,5,47,'100GW','1');
insert  into `studyrawdata`(`id`,`studyid`,`datarow`,`datacolumn`,`datavalue`) values (5657,5,47,'FieldRow','9');
insert  into `studyrawdata`(`id`,`studyid`,`datarow`,`datacolumn`,`datavalue`) values (5658,5,47,'CML','3');
insert  into `studyrawdata`(`id`,`studyid`,`datarow`,`datacolumn`,`datavalue`) values (5659,5,47,'DRRE','109');
insert  into `studyrawdata`(`id`,`studyid`,`datarow`,`datacolumn`,`datavalue`) values (5660,5,47,'GRT','97');
insert  into `studyrawdata`(`id`,`studyid`,`datarow`,`datacolumn`,`datavalue`) values (5661,5,47,'Yld','7.6');

/*Table structure for table `studysite` */

DROP TABLE IF EXISTS `studysite`;

CREATE TABLE `studysite` (
  `id` int(10) NOT NULL AUTO_INCREMENT,
  `studyid` int(10) DEFAULT NULL,
  `year` varchar(4) DEFAULT NULL,
  `season` varchar(10) DEFAULT NULL,
  `sitename` varchar(100) DEFAULT NULL,
  `sitelocation` varchar(200) DEFAULT NULL,
  `ecotypeid` int(5) DEFAULT NULL,
  `soiltype` varchar(10) DEFAULT NULL,
  `soilph` varchar(10) DEFAULT NULL,
  PRIMARY KEY (`id`)
) ENGINE=InnoDB AUTO_INCREMENT=3 DEFAULT CHARSET=latin1;

/*Data for the table `studysite` */

insert  into `studysite`(`id`,`studyid`,`year`,`season`,`sitename`,`sitelocation`,`ecotypeid`,`soiltype`,`soilph`) values (1,1,'2013','DS','IRRI','Los Banos',1,NULL,NULL);
insert  into `studysite`(`id`,`studyid`,`year`,`season`,`sitename`,`sitelocation`,`ecotypeid`,`soiltype`,`soilph`) values (2,1,'2013','WS','PhilRice','Nueva ecija',1,NULL,NULL);

/*!40101 SET SQL_MODE=@OLD_SQL_MODE */;
/*!40014 SET FOREIGN_KEY_CHECKS=@OLD_FOREIGN_KEY_CHECKS */;
